source_file,line,url
_quarto.yml,148,https://dahhamalsoud.github.io/ibd-omics-explorer
about.qmd,67,https://github.com/dahhamalsoud
about.qmd,67,https://scholar.google.com/citations?user=L_Vs-00AAAAJ&hl=en
curation-methods.qmd,249,https://github.com/dahhamalsoud
curation-methods.qmd,257,https://www.ncbi.nlm.nih.gov/geo/
curation-methods.qmd,257,https://www.ncbi.nlm.nih.gov/sra
curation-methods.qmd,257,https://www.ebi.ac.uk/pride/
curation-methods.qmd,257,https://massive.ucsd.edu/
curation-methods.qmd,257,https://www.metabolomicsworkbench.org/
curation-methods.qmd,257,https://www.ncbi.nlm.nih.gov/gap/
curation-methods.qmd,257,https://www.ebi.ac.uk/gwas/
curation-methods.qmd,257,https://cellxgene.cziscience.com/
curation-methods.qmd,257,https://www.humancellatlas.org/
curation-methods.qmd,258,https://ibdmdb.org/
curation-methods.qmd,258,https://www.ibdgenetics.org/
curation-methods.qmd,258,https://platform.opentargets.org/
curation-methods.qmd,258,https://www.finngen.fi/
curation-methods.qmd,258,https://biobank.ndph.ox.ac.uk/ukb/
data\ibd_omics_datasets.csv,2,https://ibdmdb.org
data\ibd_omics_datasets.csv,2,https://www.nature.com/articles/s41586-019-1237-9
data\ibd_omics_datasets.csv,2,https://www.ncbi.nlm.nih.gov/geo/query/acc.cgi?acc=GSE111889
data\ibd_omics_datasets.csv,2,https://www.ncbi.nlm.nih.gov/projects/gap/cgi-bin/study.cgi?study_id=phs001626.v1.p1
data\ibd_omics_datasets.csv,2,https://www.ncbi.nlm.nih.gov/bioproject/398089
data\ibd_omics_datasets.csv,3,https://www.ncbi.nlm.nih.gov/geo/query/acc.cgi?acc=GSE193677
data\ibd_omics_datasets.csv,3,https://pubmed.ncbi.nlm.nih.gov/36109152/
data\ibd_omics_datasets.csv,4,https://www.ncbi.nlm.nih.gov/geo/query/acc.cgi?acc=GSE235236
data\ibd_omics_datasets.csv,4,https://pubmed.ncbi.nlm.nih.gov/37495570/
data\ibd_omics_datasets.csv,5,https://www.ncbi.nlm.nih.gov/geo/query/acc.cgi?acc=GSE57945
data\ibd_omics_datasets.csv,5,https://pubmed.ncbi.nlm.nih.gov/25003194/
data\ibd_omics_datasets.csv,6,https://www.ncbi.nlm.nih.gov/geo/query/acc.cgi?acc=GSE10616
data\ibd_omics_datasets.csv,6,https://pubmed.ncbi.nlm.nih.gov/18758464/
data\ibd_omics_datasets.csv,7,https://www.ncbi.nlm.nih.gov/geo/query/acc.cgi?acc=GSE126124
data\ibd_omics_datasets.csv,7,https://pubmed.ncbi.nlm.nih.gov/31618209/
data\ibd_omics_datasets.csv,8,https://www.ncbi.nlm.nih.gov/geo/query/acc.cgi?acc=GSE36807
data\ibd_omics_datasets.csv,8,https://pubmed.ncbi.nlm.nih.gov/24155895/
data\ibd_omics_datasets.csv,9,https://www.ncbi.nlm.nih.gov/geo/query/acc.cgi?acc=GSE6731
data\ibd_omics_datasets.csv,9,https://pubmed.ncbi.nlm.nih.gov/17262812/
data\ibd_omics_datasets.csv,10,https://www.ncbi.nlm.nih.gov/geo/query/acc.cgi?acc=GSE1710
data\ibd_omics_datasets.csv,10,https://pubmed.ncbi.nlm.nih.gov/16107186/
data\ibd_omics_datasets.csv,11,https://www.ncbi.nlm.nih.gov/geo/query/acc.cgi?acc=GSE59071
data\ibd_omics_datasets.csv,11,https://pubmed.ncbi.nlm.nih.gov/26313692/
data\ibd_omics_datasets.csv,12,https://www.ncbi.nlm.nih.gov/geo/query/acc.cgi?acc=GSE11499
data\ibd_omics_datasets.csv,13,https://www.ncbi.nlm.nih.gov/geo/query/acc.cgi?acc=GSE94648
data\ibd_omics_datasets.csv,13,https://pubmed.ncbi.nlm.nih.gov/28981629/
data\ibd_omics_datasets.csv,14,https://www.ncbi.nlm.nih.gov/geo/query/acc.cgi?acc=GSE75214
data\ibd_omics_datasets.csv,14,https://pubmed.ncbi.nlm.nih.gov/28885228/
data\ibd_omics_datasets.csv,15,https://www.ncbi.nlm.nih.gov/geo/query/acc.cgi?acc=GSE48958
data\ibd_omics_datasets.csv,15,https://pubmed.ncbi.nlm.nih.gov/25546151/
data\ibd_omics_datasets.csv,16,https://www.ncbi.nlm.nih.gov/geo/query/acc.cgi?acc=GSE179285
data\ibd_omics_datasets.csv,16,https://pubmed.ncbi.nlm.nih.gov/34561227/
data\ibd_omics_datasets.csv,17,https://www.ncbi.nlm.nih.gov/geo/query/acc.cgi?acc=GSE214695
data\ibd_omics_datasets.csv,17,https://pubmed.ncbi.nlm.nih.gov/37495570/
data\ibd_omics_datasets.csv,17,https://cellxgene.cziscience.com/collections/7c7bd6c2-925b-4034-baab-620ef1b760e1
data\ibd_omics_datasets.csv,18,https://www.ncbi.nlm.nih.gov/geo/query/acc.cgi?acc=GSE234713
data\ibd_omics_datasets.csv,18,https://pubmed.ncbi.nlm.nih.gov/37495570/
data\ibd_omics_datasets.csv,19,https://www.ncbi.nlm.nih.gov/geo/query/acc.cgi?acc=GSE282122
data\ibd_omics_datasets.csv,19,https://pubmed.ncbi.nlm.nih.gov/39438660/
data\ibd_omics_datasets.csv,20,https://www.ncbi.nlm.nih.gov/geo/query/acc.cgi?acc=GSE134809
data\ibd_omics_datasets.csv,20,https://doi.org/10.1016/j.cell.2019.08.008
data\ibd_omics_datasets.csv,20,https://pubmed.ncbi.nlm.nih.gov/31474370/
data\ibd_omics_datasets.csv,21,https://explore.data.humancellatlas.org/projects/9dd91b6e-7c62-49d3-a3d4-74f603deffdb
data\ibd_omics_datasets.csv,21,https://pubmed.ncbi.nlm.nih.gov/36206201/
data\ibd_omics_datasets.csv,22,https://www.ebi.ac.uk/pride/archive/projects/PXD033158
data\ibd_omics_datasets.csv,22,https://pubmed.ncbi.nlm.nih.gov/38552248/
data\ibd_omics_datasets.csv,22,https://proteomecentral.proteomexchange.org/cgi/GetDataset?ID=PXD033158
data\ibd_omics_datasets.csv,22,https://massive.ucsd.edu/ProteoSAFe/dataset.jsp?task=b0d934d3f9fd47e8809eae2bc9b0a144
data\ibd_omics_datasets.csv,23,https://proteomecentral.proteomexchange.org/cgi/GetDataset?ID=PXD010371
data\ibd_omics_datasets.csv,23,https://doi.org/10.1016/j.jprot.2019.04.009
data\ibd_omics_datasets.csv,23,https://pubmed.ncbi.nlm.nih.gov/31009805/
data\ibd_omics_datasets.csv,24,https://proteomecentral.proteomexchange.org/cgi/GetDataset?ID=PXD001608
data\ibd_omics_datasets.csv,24,https://pubmed.ncbi.nlm.nih.gov/25993694/
data\ibd_omics_datasets.csv,24,https://www.omicsdi.org/dataset/pride/PXD001608
data\ibd_omics_datasets.csv,25,https://massive.ucsd.edu/ProteoSAFe/QueryMSV?id=MSV000086509
data\ibd_omics_datasets.csv,25,https://doi.org/10.1186/s40168-022-01331-x
data\ibd_omics_datasets.csv,25,https://massive.ucsd.edu/ProteoSAFe/proxi/v0.1/datasets/MSV000086509
data\ibd_omics_datasets.csv,25,https://pubmed.ncbi.nlm.nih.gov/35999575/
data\ibd_omics_datasets.csv,26,https://www.metabolomicsworkbench.org/data/DRCCMetadata.php?StudyID=ST002470
data\ibd_omics_datasets.csv,26,https://doi.org/10.1016/j.chom.2023.12.013
data\ibd_omics_datasets.csv,26,https://www.metabolomicsworkbench.org/data/DRCCMetadata.php?DataMode=AnalysisData&Mode=Study&ResultType=5&StudyID=ST002470&StudyType=LC-MS
data\ibd_omics_datasets.csv,26,https://pubmed.ncbi.nlm.nih.gov/38215740/
data\ibd_omics_datasets.csv,27,https://www.ncbi.nlm.nih.gov/geo/query/acc.cgi?acc=GSE87648
data\ibd_omics_datasets.csv,27,https://pubmed.ncbi.nlm.nih.gov/27886173/
data\ibd_omics_datasets.csv,28,https://www.ncbi.nlm.nih.gov/geo/query/acc.cgi?acc=GSE32148
data\ibd_omics_datasets.csv,28,https://pubmed.ncbi.nlm.nih.gov/22467598/
data\ibd_omics_datasets.csv,29,https://www.ncbi.nlm.nih.gov/geo/query/acc.cgi?acc=GSE32146
data\ibd_omics_datasets.csv,29,https://pubmed.ncbi.nlm.nih.gov/24937444/
data\ibd_omics_datasets.csv,30,https://www.ncbi.nlm.nih.gov/geo/query/acc.cgi?acc=GSE42921
data\ibd_omics_datasets.csv,30,https://pubmed.ncbi.nlm.nih.gov/24937444/
data\ibd_omics_datasets.csv,31,https://www.ncbi.nlm.nih.gov/geo/query/acc.cgi?acc=GSE210721
data\ibd_omics_datasets.csv,31,https://pubmed.ncbi.nlm.nih.gov/36271073/
data\ibd_omics_datasets.csv,32,https://www.ncbi.nlm.nih.gov/projects/gap/cgi-bin/study.cgi?study_id=phs002336.v1.p1
data\ibd_omics_datasets.csv,32,https://dbgap.ncbi.nlm.nih.gov/aa/wga.cgi?stacc=phs002336.v1.p1&view_pdf=
data\ibd_omics_datasets.csv,32,https://ega-archive.org/studies/phs002336
data\ibd_omics_datasets.csv,32,https://www.ncbi.nlm.nih.gov/bioproject?from_uid=2222510&linkname=gap_bioproject
data\ibd_omics_datasets.csv,33,https://www.ncbi.nlm.nih.gov/geo/query/acc.cgi?acc=GSE109142
data\ibd_omics_datasets.csv,33,https://www.nature.com/articles/s41467-018-07841-3
data\ibd_omics_datasets.csv,34,https://www.ncbi.nlm.nih.gov/geo/query/acc.cgi?acc=GSE150961
data\ibd_omics_datasets.csv,35,https://www.ncbi.nlm.nih.gov/geo/query/acc.cgi?acc=GSE117993
data\ibd_omics_datasets.csv,36,https://www.ncbi.nlm.nih.gov/geo/query/acc.cgi?acc=GSE93624
data\ibd_omics_datasets.csv,36,https://pubmed.ncbi.nlm.nih.gov/28805827/
data\ibd_omics_datasets.csv,37,https://www.ncbi.nlm.nih.gov/geo/query/acc.cgi?acc=GSE185061
data\ibd_omics_datasets.csv,37,https://pubmed.ncbi.nlm.nih.gov/36964596/
data\ibd_omics_datasets.csv,37,https://clinicalepigeneticsjournal.biomedcentral.com/articles/10.1186/s13148-023-01462-4
data\ibd_omics_datasets.csv,37,https://ftp.ncbi.nlm.nih.gov/geo/series/GSE185nnn/GSE185061/matrix/GSE185061_series_matrix.txt.gz
data\ibd_omics_datasets.csv,38,https://www.ncbi.nlm.nih.gov/geo/query/acc.cgi?acc=GSE221161
data\ibd_omics_datasets.csv,38,https://pubmed.ncbi.nlm.nih.gov/38302662/
data\ibd_omics_datasets.csv,39,https://www.ncbi.nlm.nih.gov/geo/query/acc.cgi?acc=GSE125527
data\ibd_omics_datasets.csv,39,https://pubmed.ncbi.nlm.nih.gov/32826341/
data\ibd_omics_datasets.csv,40,https://www.ncbi.nlm.nih.gov/geo/query/acc.cgi?acc=GSE150115
data\ibd_omics_datasets.csv,40,https://pubmed.ncbi.nlm.nih.gov/32428507/
data\ibd_omics_datasets.csv,41,https://www.ncbi.nlm.nih.gov/geo/query/acc.cgi?acc=GSE83687
data\ibd_omics_datasets.csv,41,https://pubmed.ncbi.nlm.nih.gov/28892060/
data\ibd_omics_datasets.csv,42,https://www.ncbi.nlm.nih.gov/geo/query/acc.cgi?acc=GSE112366
data\ibd_omics_datasets.csv,42,https://pubmed.ncbi.nlm.nih.gov/29782846/
data\ibd_omics_datasets.csv,42,https://ftp.ncbi.nlm.nih.gov/geo/series/GSE112nnn/GSE112366/matrix/GSE112366_series_matrix.txt.gz
data\ibd_omics_datasets.csv,43,https://www.ncbi.nlm.nih.gov/geo/query/acc.cgi?acc=GSE92415
data\ibd_omics_datasets.csv,43,https://pubmed.ncbi.nlm.nih.gov/23735746/
data\ibd_omics_datasets.csv,44,https://www.ncbi.nlm.nih.gov/geo/query/acc.cgi?acc=GSE206285
data\ibd_omics_datasets.csv,44,https://pubmed.ncbi.nlm.nih.gov/36192482/
data\ibd_omics_datasets.csv,45,https://www.omicsdi.org/dataset/pride/PXD001821
data\ibd_omics_datasets.csv,45,https://doi.org/10.1074/mcp.M116.066506
data\ibd_omics_datasets.csv,45,https://proteomecentral.proteomexchange.org/cgi/GetDataset?ID=PXD001821-4&test=no
data\ibd_omics_datasets.csv,46,https://www.omicsdi.org/dataset/pride/PXD012284
data\ibd_omics_datasets.csv,46,https://pubmed.ncbi.nlm.nih.gov/31282946/
data\ibd_omics_datasets.csv,46,https://www.ebi.ac.uk/pride/ws/archive/v3/projects/PXD012284
data\ibd_omics_datasets.csv,47,https://www.omicsdi.org/dataset/pride/PXD014479
data\ibd_omics_datasets.csv,47,https://pubmed.ncbi.nlm.nih.gov/31393699/
data\ibd_omics_datasets.csv,47,https://www.ebi.ac.uk/pride/ws/archive/v3/projects/PXD014479
data\ibd_omics_datasets.csv,48,https://www.omicsdi.org/dataset/pride/PXD030775
data\ibd_omics_datasets.csv,48,https://pubmed.ncbi.nlm.nih.gov/36961872/
data\ibd_omics_datasets.csv,48,https://pmc.ncbi.nlm.nih.gov/articles/PMC10588787/
data\ibd_omics_datasets.csv,49,https://www.omicsdi.org/dataset/pride/PXD050335
data\ibd_omics_datasets.csv,49,https://pubmed.ncbi.nlm.nih.gov/38791146/
data\ibd_omics_datasets.csv,49,https://www.ebi.ac.uk/pride/ws/archive/v3/projects/PXD050335
data\ibd_omics_datasets.csv,49,https://pmc.ncbi.nlm.nih.gov/articles/PMC11121447/
data\ibd_omics_datasets.csv,50,https://www.metabolomicsworkbench.org/data/DRCCMetadata.php?StudyID=ST000899
data\ibd_omics_datasets.csv,50,https://pubmed.ncbi.nlm.nih.gov/29681789/
data\ibd_omics_datasets.csv,50,https://www.metabolomicsworkbench.org/rest/study/study_id/ST000899/summary
data\ibd_omics_datasets.csv,50,https://www.metabolomicsworkbench.org/rest/study/study_id/ST000899/factors
data\ibd_omics_datasets.csv,51,https://www.metabolomicsworkbench.org/data/DRCCMetadata.php?StudyID=ST001000
data\ibd_omics_datasets.csv,51,https://www.nature.com/articles/s41564-018-0306-4
data\ibd_omics_datasets.csv,51,https://www.metabolomicsworkbench.org/rest/study/study_id/ST001000/summary
data\ibd_omics_datasets.csv,51,https://www.ncbi.nlm.nih.gov/bioproject/400072
data\ibd_omics_datasets.csv,52,https://www.metabolomicsworkbench.org/data/DRCCMetadata.php?StudyID=ST002471
data\ibd_omics_datasets.csv,52,https://doi.org/10.1016/j.chom.2023.12.013
data\ibd_omics_datasets.csv,52,https://www.metabolomicsworkbench.org/rest/study/study_id/ST002471/summary
data\ibd_omics_datasets.csv,52,https://www.metabolomicsworkbench.org/rest/study/study_id/ST002471/factors
data\ibd_omics_datasets.csv,52,https://pubmed.ncbi.nlm.nih.gov/38215740/
data\ibd_omics_datasets.csv,53,https://massive.ucsd.edu/ProteoSAFe/dataset.jsp?accession=MSV000082094
data\ibd_omics_datasets.csv,53,https://www.nature.com/articles/s41564-021-01050-3
data\ibd_omics_datasets.csv,53,https://www.ebi.ac.uk/ena/browser/view/PRJEB42151
data\ibd_omics_datasets.csv,53,https://www.ebi.ac.uk/ena/browser/view/PRJEB42155
data\ibd_omics_datasets.csv,54,https://massive.ucsd.edu/ProteoSAFe/dataset.jsp?accession=MSV000084908
data\ibd_omics_datasets.csv,54,https://link.springer.com/article/10.1186/s40168-022-01331-x
data\ibd_omics_datasets.csv,54,https://massive.ucsd.edu/ProteoSAFe/proxi/v0.1/datasets/MSV000084908
data\ibd_omics_datasets.csv,55,https://www.ncbi.nlm.nih.gov/geo/query/acc.cgi?acc=GSE87473
data\ibd_omics_datasets.csv,55,https://pubmed.ncbi.nlm.nih.gov/29401083/
data\ibd_omics_datasets.csv,55,https://www.ncbi.nlm.nih.gov/geo/query/acc.cgi?acc=GSE87465
data\ibd_omics_datasets.csv,55,https://www.ncbi.nlm.nih.gov/geo/query/acc.cgi?acc=GSE87466
data\ibd_omics_datasets.csv,56,https://www.ncbi.nlm.nih.gov/geo/query/acc.cgi?acc=GSE16879
data\ibd_omics_datasets.csv,56,https://journals.plos.org/plosone/article?id=10.1371/journal.pone.0007984
data\ibd_omics_datasets.csv,56,https://pubmed.ncbi.nlm.nih.gov/19956723/
data\ibd_omics_datasets.csv,57,https://www.ncbi.nlm.nih.gov/geo/query/acc.cgi?acc=GSE12251
data\ibd_omics_datasets.csv,57,https://pubmed.ncbi.nlm.nih.gov/19700435/
data\ibd_omics_datasets.csv,58,https://www.ncbi.nlm.nih.gov/geo/query/acc.cgi?acc=GSE14580
data\ibd_omics_datasets.csv,58,https://pubmed.ncbi.nlm.nih.gov/19700435/
data\ibd_omics_datasets.csv,59,https://www.ncbi.nlm.nih.gov/geo/query/acc.cgi?acc=GSE52746
data\ibd_omics_datasets.csv,60,https://www.ncbi.nlm.nih.gov/geo/query/acc.cgi?acc=GSE11223
data\ibd_omics_datasets.csv,61,https://www.ncbi.nlm.nih.gov/geo/query/acc.cgi?acc=GSE4183
data\ibd_omics_datasets.csv,62,https://www.ncbi.nlm.nih.gov/geo/query/acc.cgi?acc=GSE38713
data\ibd_omics_datasets.csv,63,https://www.ncbi.nlm.nih.gov/geo/query/acc.cgi?acc=GSE3365
data\ibd_omics_datasets.csv,64,https://www.ncbi.nlm.nih.gov/geo/query/acc.cgi?acc=GSE107865
data\ibd_omics_datasets.csv,65,https://www.ncbi.nlm.nih.gov/geo/query/acc.cgi?acc=GSE116222
data\ibd_omics_datasets.csv,65,https://doi.org/10.1038/s41586-019-0992-y
data\ibd_omics_datasets.csv,66,https://www.ncbi.nlm.nih.gov/geo/query/acc.cgi?acc=GSE114374
data\ibd_omics_datasets.csv,66,https://doi.org/10.1016/j.cell.2018.08.067
data\ibd_omics_datasets.csv,67,https://www.ncbi.nlm.nih.gov/geo/query/acc.cgi?acc=GSE148837
data\ibd_omics_datasets.csv,67,https://doi.org/10.1038/s41591-020-1003-4
data\ibd_omics_datasets.csv,68,https://singlecell.broadinstitute.org/single_cell/study/SCP259
data\ibd_omics_datasets.csv,68,https://doi.org/10.1016/j.cell.2019.06.029
data\ibd_omics_datasets.csv,68,https://cellxgene.cziscience.com/collections/33d19f34-87f5-455b-8ca5-9023a2e5453d
data\ibd_omics_datasets.csv,68,https://explore.data.humancellatlas.org/projects/cd61771b-661a-4e19-b269-6e5d95350de6
data\ibd_omics_datasets.csv,69,https://www.ncbi.nlm.nih.gov/geo/query/acc.cgi?acc=GSE157477
data\ibd_omics_datasets.csv,69,https://doi.org/10.1038/s41467-021-22164-6
data\ibd_omics_datasets.csv,70,https://www.immport.org/shared/study/SDY1765
data\ibd_omics_datasets.csv,70,https://doi.org/10.1016/j.medj.2022.05.002
data\ibd_omics_datasets.csv,70,https://www.immport.org/shared/data/query/ui/study/summary/SDY1765
data\ibd_omics_datasets.csv,71,https://www.ncbi.nlm.nih.gov/geo/query/acc.cgi?acc=GSE121380
data\ibd_omics_datasets.csv,71,https://doi.org/10.1016/j.cell.2019.10.027
data\ibd_omics_datasets.csv,72,https://www.ncbi.nlm.nih.gov/geo/query/acc.cgi?acc=GSE182270
data\ibd_omics_datasets.csv,72,https://doi.org/10.1038/s41591-022-01680-y
data\ibd_omics_datasets.csv,73,https://singlecell.broadinstitute.org/single_cell/study/SCP1884
data\ibd_omics_datasets.csv,73,https://doi.org/10.1016/j.immuni.2023.01.002
data\ibd_omics_datasets.csv,73,https://github.com/LJ-Kong/cd_atlas_single_cell
data\ibd_omics_datasets.csv,73,https://cellxgene.cziscience.com/collections/5c868b6f-62c5-4532-9d7f-a346ad4b50a7
data\ibd_omics_datasets.csv,74,https://www.ebi.ac.uk/pride/archive/projects/PXD030121
data\ibd_omics_datasets.csv,74,https://pubmed.ncbi.nlm.nih.gov/35770079/
data\ibd_omics_datasets.csv,74,https://www.ebi.ac.uk/pride/ws/archive/v3/projects/PXD030121
data\ibd_omics_datasets.csv,74,https://www.ebi.ac.uk/pride/ws/archive/v3/projects/PXD030121/files/all
data\ibd_omics_datasets.csv,75,https://www.ebi.ac.uk/pride/archive/projects/PXD061040
data\ibd_omics_datasets.csv,75,https://pmc.ncbi.nlm.nih.gov/articles/PMC12203869/
data\ibd_omics_datasets.csv,75,https://www.ebi.ac.uk/pride/ws/archive/v3/projects/PXD061040
data\ibd_omics_datasets.csv,76,https://massive.ucsd.edu/ProteoSAFe/dataset.jsp?accession=MSV000093975
data\ibd_omics_datasets.csv,76,https://microbiomejournal.biomedcentral.com/articles/10.1186/s40168-024-01927-5
data\ibd_omics_datasets.csv,76,https://microbiomejournal.biomedcentral.com/articles/10.1186/s40168-024-01927-5/tables/1
data\ibd_omics_datasets.csv,77,https://proteomecentral.proteomexchange.org/cgi/GetDataset?ID=PXD032706
data\ibd_omics_datasets.csv,77,https://pubmed.ncbi.nlm.nih.gov/35456018/
data\ibd_omics_datasets.csv,78,https://www.ncbi.nlm.nih.gov/geo/query/acc.cgi?acc=GSE212849
data\ibd_omics_datasets.csv,78,https://pubmed.ncbi.nlm.nih.gov/36170836/
data\ibd_omics_datasets.csv,79,https://www.ebi.ac.uk/ena/browser/view/E-MTAB-7845
data\ibd_omics_datasets.csv,79,https://pubmed.ncbi.nlm.nih.gov/31446181/
data\ibd_omics_datasets.csv,80,https://www.ncbi.nlm.nih.gov/geo/query/acc.cgi?acc=GSE152316
data\ibd_omics_datasets.csv,80,https://doi.org/10.1016/j.xcrm.2021.100381
data\ibd_omics_datasets.csv,80,https://www.ncbi.nlm.nih.gov/bioproject/PRJNA638957
data\ibd_omics_datasets.csv,80,https://pubmed.ncbi.nlm.nih.gov/34467254/
data\ibd_omics_datasets.csv,81,https://www.ncbi.nlm.nih.gov/geo/query/acc.cgi?acc=GSE117875
data\ibd_omics_datasets.csv,81,https://doi.org/10.1172/jci.insight.122104
data\ibd_omics_datasets.csv,81,https://pubmed.ncbi.nlm.nih.gov/30232290/
data\ibd_omics_datasets.csv,82,https://www.ncbi.nlm.nih.gov/geo/query/acc.cgi?acc=GSE156044
data\ibd_omics_datasets.csv,82,https://pubmed.ncbi.nlm.nih.gov/32991841/
data\ibd_omics_datasets.csv,82,https://ftp.ncbi.nlm.nih.gov/geo/series/GSE156nnn/GSE156044/matrix/GSE156044_series_matrix.txt.gz
data\ibd_omics_datasets.csv,83,https://www.ncbi.nlm.nih.gov/geo/query/acc.cgi?acc=GSE73661
data\ibd_omics_datasets.csv,83,https://pubmed.ncbi.nlm.nih.gov/27802155/
data\ibd_omics_datasets.csv,83,https://ftp.ncbi.nlm.nih.gov/geo/series/GSE73nnn/GSE73661/matrix/GSE73661_series_matrix.txt.gz
data\ibd_omics_datasets.csv,84,https://www.ncbi.nlm.nih.gov/geo/query/acc.cgi?acc=GSE160925
data\ibd_omics_datasets.csv,84,https://doi.org/10.1016/j.jcmgh.2021.06.022
data\ibd_omics_datasets.csv,84,https://pubmed.ncbi.nlm.nih.gov/34224909/
data\ibd_omics_datasets.csv,84,https://pmc.ncbi.nlm.nih.gov/articles/PMC8551698/
data\ibd_omics_datasets.csv,85,https://www.ncbi.nlm.nih.gov/geo/query/acc.cgi?acc=GSE95437
data\ibd_omics_datasets.csv,85,https://doi.org/10.1038/s41467-018-03766-z
data\ibd_omics_datasets.csv,85,https://pubmed.ncbi.nlm.nih.gov/29695774/
data\ibd_omics_datasets.csv,85,https://pmc.ncbi.nlm.nih.gov/articles/PMC5916929/
data\ibd_omics_datasets.csv,86,https://www.ebi.ac.uk/ena/browser/view/E-MTAB-7604
data\ibd_omics_datasets.csv,86,https://pubmed.ncbi.nlm.nih.gov/30685385/
data\ibd_omics_datasets.csv,87,https://www.ebi.ac.uk/ena/browser/view/E-MTAB-9731
data\ibd_omics_datasets.csv,88,https://www.ncbi.nlm.nih.gov/geo/query/acc.cgi?acc=GSE164871
data\ibd_omics_datasets.csv,88,https://www.ncbi.nlm.nih.gov/bioproject/PRJNA692234
data\ibd_omics_datasets.csv,88,https://www.ncbi.nlm.nih.gov/sra?term=SRP301816
data\ibd_omics_datasets.csv,89,https://www.ncbi.nlm.nih.gov/geo/query/acc.cgi?acc=GSE171244
data\ibd_omics_datasets.csv,89,https://pubmed.ncbi.nlm.nih.gov/34113837/
data\ibd_omics_datasets.csv,89,https://www.ncbi.nlm.nih.gov/bioproject/PRJNA718848
data\ibd_omics_datasets.csv,89,https://www.ncbi.nlm.nih.gov/sra?term=SRP312907
data\ibd_omics_datasets.csv,90,https://www.ncbi.nlm.nih.gov/geo/query/acc.cgi?acc=GSE161031
data\ibd_omics_datasets.csv,90,https://doi.org/10.1016/j.cell.2022.06.048
data\ibd_omics_datasets.csv,90,https://ftp.ncbi.nlm.nih.gov/geo/series/GSE161nnn/GSE161031/matrix/GSE161031_series_matrix.txt.gz
data\ibd_omics_datasets.csv,90,https://trace.ncbi.nlm.nih.gov/Traces/sra-db-be/runinfo?acc=SRP291527
data\ibd_omics_datasets.csv,90,https://pubmed.ncbi.nlm.nih.gov/35952671/
data\ibd_omics_datasets.csv,91,https://www.ncbi.nlm.nih.gov/geo/query/acc.cgi?acc=GSE66207
data\ibd_omics_datasets.csv,91,https://pubmed.ncbi.nlm.nih.gov/26164662/
data\ibd_omics_datasets.csv,91,https://pmc.ncbi.nlm.nih.gov/articles/PMC4603665/
data\ibd_omics_datasets.csv,92,https://www.ncbi.nlm.nih.gov/geo/query/acc.cgi?acc=GSE67250
data\ibd_omics_datasets.csv,92,https://pubmed.ncbi.nlm.nih.gov/26973718/
data\ibd_omics_datasets.csv,92,https://ftp.ncbi.nlm.nih.gov/geo/series/GSE67nnn/GSE67250/soft/GSE67250_family.soft.gz
data\ibd_omics_datasets.csv,93,https://www.ncbi.nlm.nih.gov/geo/query/acc.cgi?acc=GSE69446
data\ibd_omics_datasets.csv,93,https://pubmed.ncbi.nlm.nih.gov/29263823/
data\ibd_omics_datasets.csv,93,https://ftp.ncbi.nlm.nih.gov/geo/series/GSE69nnn/GSE69446/matrix/GSE69446_series_matrix.txt.gz
data\ibd_omics_datasets.csv,94,https://www.ncbi.nlm.nih.gov/geo/query/acc.cgi?acc=GSE83381
data\ibd_omics_datasets.csv,94,https://pubmed.ncbi.nlm.nih.gov/28783698/
data\ibd_omics_datasets.csv,94,https://ftp.ncbi.nlm.nih.gov/geo/series/GSE83nnn/GSE83381/matrix/GSE83381_series_matrix.txt.gz
data\ibd_omics_datasets.csv,94,https://trace.ncbi.nlm.nih.gov/Traces/sra-db-be/runinfo?acc=SRP076599
data\ibd_omics_datasets.csv,95,https://www.ncbi.nlm.nih.gov/geo/query/acc.cgi?acc=GSE135223
data\ibd_omics_datasets.csv,95,https://pubmed.ncbi.nlm.nih.gov/35394816/
data\ibd_omics_datasets.csv,95,https://www.ncbi.nlm.nih.gov/bioproject/PRJNA557840
data\ibd_omics_datasets.csv,95,https://www.ncbi.nlm.nih.gov/sra?term=SRP217042
data\ibd_omics_datasets.csv,96,https://www.ncbi.nlm.nih.gov/geo/query/acc.cgi?acc=GSE9452
data\ibd_omics_datasets.csv,96,https://pubmed.ncbi.nlm.nih.gov/19177426/
data\ibd_omics_datasets.csv,96,https://www.ncbi.nlm.nih.gov/bioproject/PRJNA103213
data\ibd_omics_datasets.csv,97,https://www.ncbi.nlm.nih.gov/geo/query/acc.cgi?acc=GSE100833
data\ibd_omics_datasets.csv,97,https://doi.org/10.1038/ng.3947
data\ibd_omics_datasets.csv,97,https://pubmed.ncbi.nlm.nih.gov/28892060/
data\ibd_omics_datasets.csv,97,https://pmc.ncbi.nlm.nih.gov/articles/PMC5660607/
data\ibd_omics_datasets.csv,98,https://www.ncbi.nlm.nih.gov/geo/query/acc.cgi?acc=GSE102746
data\ibd_omics_datasets.csv,98,https://pubmed.ncbi.nlm.nih.gov/29983891/
data\ibd_omics_datasets.csv,98,https://ftp.ncbi.nlm.nih.gov/geo/series/GSE102nnn/GSE102746/matrix/GSE102746_series_matrix.txt.gz
data\ibd_omics_datasets.csv,99,https://www.ncbi.nlm.nih.gov/geo/query/acc.cgi?acc=GSE158952
data\ibd_omics_datasets.csv,99,https://pubmed.ncbi.nlm.nih.gov/34301333/
data\ibd_omics_datasets.csv,99,https://ftp.ncbi.nlm.nih.gov/geo/series/GSE158nnn/GSE158952/matrix/GSE158952-GPL16791_series_matrix.txt.gz
data\ibd_omics_datasets.csv,99,https://ftp.ncbi.nlm.nih.gov/geo/series/GSE158nnn/GSE158952/matrix/GSE158952-GPL20301_series_matrix.txt.gz
data\ibd_omics_datasets.csv,100,https://www.ncbi.nlm.nih.gov/geo/query/acc.cgi?acc=GSE72819
data\ibd_omics_datasets.csv,100,https://doi.org/10.1053/j.gastro.2015.10.041
data\ibd_omics_datasets.csv,100,https://pubmed.ncbi.nlm.nih.gov/26522261/
data\ibd_omics_datasets.csv,101,https://www.ncbi.nlm.nih.gov/geo/query/acc.cgi?acc=GSE23597
data\ibd_omics_datasets.csv,101,https://doi.org/10.1038/ajg.2011.83
data\ibd_omics_datasets.csv,101,https://pubmed.ncbi.nlm.nih.gov/21448149/
data\ibd_omics_datasets.csv,101,https://pubmed.ncbi.nlm.nih.gov/31039157/
data\ibd_omics_datasets.csv,102,https://www.ncbi.nlm.nih.gov/geo/query/acc.cgi?acc=GSE207022
data\ibd_omics_datasets.csv,102,https://pubmed.ncbi.nlm.nih.gov/36170836/
data\ibd_omics_datasets.csv,102,https://ftp.ncbi.nlm.nih.gov/geo/series/GSE207nnn/GSE207022/matrix/GSE207022_series_matrix.txt.gz
data\ibd_omics_datasets.csv,103,https://www.ncbi.nlm.nih.gov/geo/query/acc.cgi?acc=GSE53306
data\ibd_omics_datasets.csv,103,https://pubmed.ncbi.nlm.nih.gov/26034135/
data\ibd_omics_datasets.csv,103,https://ftp.ncbi.nlm.nih.gov/geo/series/GSE53nnn/GSE53306/matrix/GSE53306_series_matrix.txt.gz
data\ibd_omics_datasets.csv,104,https://www.ncbi.nlm.nih.gov/geo/query/acc.cgi?acc=GSE207465
data\ibd_omics_datasets.csv,104,https://pubmed.ncbi.nlm.nih.gov/36109152/
data\ibd_omics_datasets.csv,105,https://www.ncbi.nlm.nih.gov/geo/query/acc.cgi?acc=GSE98820
data\ibd_omics_datasets.csv,106,https://www.ncbi.nlm.nih.gov/geo/query/acc.cgi?acc=GSE111761
data\ibd_omics_datasets.csv,106,https://pubmed.ncbi.nlm.nih.gov/29848778/
data\ibd_omics_datasets.csv,107,https://www.ncbi.nlm.nih.gov/geo/query/acc.cgi?acc=GSE261334
data\ibd_omics_datasets.csv,107,https://pubmed.ncbi.nlm.nih.gov/39343250/
data\ibd_omics_datasets.csv,108,https://www.ncbi.nlm.nih.gov/geo/query/acc.cgi?acc=GSE228165
data\ibd_omics_datasets.csv,108,https://pubmed.ncbi.nlm.nih.gov/37235748/
data\ibd_omics_datasets.csv,109,https://www.ncbi.nlm.nih.gov/geo/query/acc.cgi?acc=GSE250487
data\ibd_omics_datasets.csv,109,https://pubmed.ncbi.nlm.nih.gov/38374043/
data\ibd_omics_datasets.csv,109,https://www.ncbi.nlm.nih.gov/geo/query/acc.cgi?acc=GSE250498
data\ibd_omics_datasets.csv,109,https://www.ncbi.nlm.nih.gov/projects/gap/cgi-bin/study.cgi?study_id=phs003502.v1.p1
data\ibd_omics_datasets.csv,109,https://www.nature.com/articles/s41467-024-45665-6
data\ibd_omics_datasets.csv,110,https://www.ncbi.nlm.nih.gov/geo/query/acc.cgi?acc=GSE250488
data\ibd_omics_datasets.csv,110,https://pubmed.ncbi.nlm.nih.gov/38374043/
data\ibd_omics_datasets.csv,110,https://www.ncbi.nlm.nih.gov/projects/gap/cgi-bin/study.cgi?study_id=phs003502.v1.p1
data\ibd_omics_datasets.csv,110,https://www.nature.com/articles/s41467-024-45665-6
data\ibd_omics_datasets.csv,111,https://www.ncbi.nlm.nih.gov/geo/query/acc.cgi?acc=GSE250490
data\ibd_omics_datasets.csv,111,https://pubmed.ncbi.nlm.nih.gov/38374043/
data\ibd_omics_datasets.csv,111,https://www.ncbi.nlm.nih.gov/projects/gap/cgi-bin/study.cgi?study_id=phs003502.v1.p1
data\ibd_omics_datasets.csv,111,https://www.nature.com/articles/s41467-024-45665-6
data\ibd_omics_datasets.csv,112,https://ega-archive.org/studies/EGAS50000000140
data\ibd_omics_datasets.csv,112,https://ega-archive.org/datasets/EGAD50000000198
data\ibd_omics_datasets.csv,113,https://www.ncbi.nlm.nih.gov/geo/query/acc.cgi?acc=GSE312415
data\ibd_omics_datasets.csv,113,https://www.nature.com/articles/s41467-026-72482-w
data\ibd_omics_datasets.csv,113,https://www.ncbi.nlm.nih.gov/geo/query/acc.cgi?acc=GPL33484
data\ibd_omics_datasets.csv,113,https://www.ncbi.nlm.nih.gov/bioproject/PRJNA1373285
data\ibd_omics_datasets.csv,114,https://www.ncbi.nlm.nih.gov/geo/query/acc.cgi?acc=GSE312420
data\ibd_omics_datasets.csv,114,https://www.nature.com/articles/s41467-026-72482-w
data\ibd_omics_datasets.csv,114,https://www.ncbi.nlm.nih.gov/bioproject/PRJNA1373279
data\ibd_omics_datasets.csv,115,https://www.ncbi.nlm.nih.gov/bioproject/PRJEB18471
data\ibd_omics_datasets.csv,115,https://www.nature.com/articles/nmicrobiol20174
data\ibd_omics_datasets.csv,115,https://www.ebi.ac.uk/ena/browser/view/PRJEB18471
data\ibd_omics_datasets.csv,115,https://pubmed.ncbi.nlm.nih.gov/28191884/
data\ibd_omics_datasets.csv,116,https://www.ncbi.nlm.nih.gov/geo/query/acc.cgi?acc=GSE112611
data\ibd_omics_datasets.csv,116,https://pubmed.ncbi.nlm.nih.gov/30779925/
data\ibd_omics_datasets.csv,117,https://www.metabolomicsworkbench.org/data/DRCCMetadata.php?Mode=Study&StudyID=ST003312
data\ibd_omics_datasets.csv,117,https://pubmed.ncbi.nlm.nih.gov/40650893/
data\ibd_omics_datasets.csv,117,https://www.metabolomicsworkbench.org/data/DRCCMetadata.php?Mode=Study&StudyID=ST003313
data\integrated_resources.csv,2,https://scibd.cn/
data\integrated_resources.csv,2,https://www.nature.com/articles/s43588-023-00464-9
data\integrated_resources.csv,3,https://www.gutcellatlas.org/
data\integrated_resources.csv,3,https://pmc.ncbi.nlm.nih.gov/articles/PMC11578898/
data\integrated_resources.csv,4,https://cellxgene.cziscience.com/collections
data\integrated_resources.csv,4,https://cellxgene.cziscience.com/collections/7c7bd6c2-925b-4034-baab-620ef1b760e1
data\integrated_resources.csv,4,https://cellxgene.cziscience.com/collections/33d19f34-87f5-455b-8ca5-9023a2e5453d
data\integrated_resources.csv,4,https://cellxgene.cziscience.com/collections/5c868b6f-62c5-4532-9d7f-a346ad4b50a7
data\integrated_resources.csv,5,https://explore.data.humancellatlas.org/
data\integrated_resources.csv,5,https://explore.data.humancellatlas.org/projects/cd61771b-661a-4e19-b269-6e5d95350de6
data\integrated_resources.csv,6,https://abbviegrc.shinyapps.io/ibdtransdb/
data\integrated_resources.csv,6,https://pmc.ncbi.nlm.nih.gov/articles/PMC10986744/
data\integrated_resources.csv,6,https://github.com/abbviegrc/IBDTransDB
data\integrated_resources.csv,7,https://www.crohnscolitisfoundation.org/research/signature-foundation-programs/ibd-plexus
data\integrated_resources.csv,8,https://www.ibdgc.org/research/resources
data\integrated_resources.csv,8,https://pubmed.ncbi.nlm.nih.gov/26192919/
data\integrated_resources.csv,9,https://www.ebi.ac.uk/gwas/efotraits/EFO_0003767
data\integrated_resources.csv,10,https://genetics.opentargets.org
data\integrated_resources.csv,10,https://pubmed.ncbi.nlm.nih.gov/33045747/
data\integrated_resources.csv,11,https://r10.finngen.fi
data\integrated_resources.csv,11,https://pan.ukbb.broadinstitute.org
data\integrated_resources.csv,11,https://r10.risteys.finngen.fi/endpoints/K11_IBD_STRICT
data\integrated_resources.csv,11,https://pan.ukbb.broadinstitute.org/docs/study-design/index.html
data\resource_coverage.csv,2,https://www.ncbi.nlm.nih.gov/geo/query/acc.cgi?acc=GSE134809
data\resource_coverage.csv,2,https://github.com/niehu-szbl/scIBD_website_code
data\resource_coverage.csv,3,https://www.ncbi.nlm.nih.gov/geo/query/acc.cgi?acc=GSE125527
data\resource_coverage.csv,3,https://github.com/niehu-szbl/scIBD_website_code
data\resource_coverage.csv,4,https://www.ncbi.nlm.nih.gov/geo/query/acc.cgi?acc=GSE116222
data\resource_coverage.csv,4,https://github.com/niehu-szbl/scIBD_website_code
data\resource_coverage.csv,5,https://www.ncbi.nlm.nih.gov/geo/query/acc.cgi?acc=GSE114374
data\resource_coverage.csv,5,https://github.com/niehu-szbl/scIBD_website_code
data\resource_coverage.csv,6,https://www.ncbi.nlm.nih.gov/geo/query/acc.cgi?acc=GSE148837
data\resource_coverage.csv,6,https://github.com/niehu-szbl/scIBD_website_code
data\resource_coverage.csv,7,https://singlecell.broadinstitute.org/single_cell/study/SCP259
data\resource_coverage.csv,7,https://github.com/niehu-szbl/scIBD_website_code
data\resource_coverage.csv,8,https://www.ncbi.nlm.nih.gov/geo/query/acc.cgi?acc=GSE157477
data\resource_coverage.csv,8,https://github.com/niehu-szbl/scIBD_website_code
data\resource_coverage.csv,9,https://www.immport.org/shared/study/SDY1765
data\resource_coverage.csv,9,https://github.com/niehu-szbl/scIBD_website_code
data\resource_coverage.csv,10,https://www.ncbi.nlm.nih.gov/geo/query/acc.cgi?acc=GSE121380
data\resource_coverage.csv,10,https://www.nature.com/articles/s43588-023-00464-9
data\resource_coverage.csv,11,https://www.ncbi.nlm.nih.gov/geo/query/acc.cgi?acc=GSE158702
data\resource_coverage.csv,11,https://github.com/niehu-szbl/scIBD_website_code
data\resource_coverage.csv,12,https://www.ebi.ac.uk/ena/browser/view/E-MTAB-8901
data\resource_coverage.csv,12,https://github.com/niehu-szbl/scIBD_website_code
data\resource_coverage.csv,13,https://www.ebi.ac.uk/ena/browser/view/E-MTAB-9543
data\resource_coverage.csv,13,https://github.com/niehu-szbl/scIBD_website_code
data\resource_coverage.csv,14,https://www.ebi.ac.uk/ena/browser/view/E-MTAB-9536
data\resource_coverage.csv,14,https://github.com/niehu-szbl/scIBD_website_code
data\resource_coverage.csv,15,https://www.nature.com/articles/s43588-023-00464-9
data\resource_coverage.csv,16,https://www.ncbi.nlm.nih.gov/geo/query/acc.cgi?acc=GSE134809
data\resource_coverage.csv,16,https://pmc.ncbi.nlm.nih.gov/articles/PMC11578898/
data\resource_coverage.csv,17,https://www.ncbi.nlm.nih.gov/geo/query/acc.cgi?acc=GSE116222
data\resource_coverage.csv,17,https://pmc.ncbi.nlm.nih.gov/articles/PMC11578898/
data\resource_coverage.csv,18,https://www.ncbi.nlm.nih.gov/geo/query/acc.cgi?acc=GSE114374
data\resource_coverage.csv,18,https://pmc.ncbi.nlm.nih.gov/articles/PMC11578898/
data\resource_coverage.csv,19,https://www.ncbi.nlm.nih.gov/geo/query/acc.cgi?acc=GSE157477
data\resource_coverage.csv,19,https://pmc.ncbi.nlm.nih.gov/articles/PMC11578898/
data\resource_coverage.csv,20,https://www.ncbi.nlm.nih.gov/geo/query/acc.cgi?acc=GSE121380
data\resource_coverage.csv,20,https://pmc.ncbi.nlm.nih.gov/articles/PMC11578898/
data\resource_coverage.csv,21,https://pmc.ncbi.nlm.nih.gov/articles/PMC11578898/
data\resource_coverage.csv,22,https://pmc.ncbi.nlm.nih.gov/articles/PMC11578898/
data\resource_coverage.csv,23,https://pmc.ncbi.nlm.nih.gov/articles/PMC11578898/
data\resource_coverage.csv,24,https://pmc.ncbi.nlm.nih.gov/articles/PMC11578898/
data\resource_coverage.csv,25,https://www.ebi.ac.uk/ena/browser/view/E-MTAB-9543
data\resource_coverage.csv,25,https://pmc.ncbi.nlm.nih.gov/articles/PMC11578898/
data\resource_coverage.csv,26,https://www.ebi.ac.uk/ena/browser/view/E-MTAB-9536
data\resource_coverage.csv,26,https://pmc.ncbi.nlm.nih.gov/articles/PMC11578898/
data\resource_coverage.csv,27,https://www.ebi.ac.uk/ena/browser/view/E-MTAB-8901
data\resource_coverage.csv,27,https://pmc.ncbi.nlm.nih.gov/articles/PMC11578898/
data\resource_coverage.csv,28,https://pmc.ncbi.nlm.nih.gov/articles/PMC11578898/
data\resource_coverage.csv,29,https://pmc.ncbi.nlm.nih.gov/articles/PMC11578898/
data\resource_coverage.csv,30,https://pmc.ncbi.nlm.nih.gov/articles/PMC11578898/
data\resource_coverage.csv,31,https://pmc.ncbi.nlm.nih.gov/articles/PMC11578898/
data\resource_coverage.csv,32,https://pmc.ncbi.nlm.nih.gov/articles/PMC11578898/
data\resource_coverage.csv,33,https://pmc.ncbi.nlm.nih.gov/articles/PMC11578898/
data\resource_coverage.csv,34,https://pmc.ncbi.nlm.nih.gov/articles/PMC11578898/
data\resource_coverage.csv,35,https://pmc.ncbi.nlm.nih.gov/articles/PMC11578898/
data\resource_coverage.csv,36,https://ega-archive.org/studies/EGAS00001003779
data\resource_coverage.csv,36,https://pmc.ncbi.nlm.nih.gov/articles/PMC11578898/
data\resource_coverage.csv,37,https://pmc.ncbi.nlm.nih.gov/articles/PMC11578898/
data\resource_coverage.csv,38,https://pmc.ncbi.nlm.nih.gov/articles/PMC11578898/
data\resource_coverage.csv,39,https://pmc.ncbi.nlm.nih.gov/articles/PMC11578898/
data\resource_coverage.csv,40,https://pmc.ncbi.nlm.nih.gov/articles/PMC11578898/
data\resource_coverage.csv,41,https://pmc.ncbi.nlm.nih.gov/articles/PMC11578898/
data\resource_coverage.csv,42,https://pmc.ncbi.nlm.nih.gov/articles/PMC11578898/
data\resource_coverage.csv,43,https://pmc.ncbi.nlm.nih.gov/articles/PMC11578898/
data\resource_coverage.csv,44,https://pmc.ncbi.nlm.nih.gov/articles/PMC11578898/
data\resource_coverage.csv,45,https://pmc.ncbi.nlm.nih.gov/articles/PMC11578898/
data\resource_coverage.csv,46,https://pmc.ncbi.nlm.nih.gov/articles/PMC11578898/
data\resource_coverage.csv,47,https://pmc.ncbi.nlm.nih.gov/articles/PMC11578898/
data\resource_coverage.csv,48,https://pmc.ncbi.nlm.nih.gov/articles/PMC11578898/
data\resource_coverage.csv,49,https://www.ncbi.nlm.nih.gov/geo/query/acc.cgi?acc=GSE182270
data\resource_coverage.csv,50,https://www.ncbi.nlm.nih.gov/geo/query/acc.cgi?acc=GSE156044
data\resource_coverage.csv,51,https://www.ncbi.nlm.nih.gov/geo/query/acc.cgi?acc=GSE117875
data\resource_coverage.csv,52,https://www.ncbi.nlm.nih.gov/geo/query/acc.cgi?acc=GSE102746
data\resource_coverage.csv,53,https://www.ncbi.nlm.nih.gov/geo/query/acc.cgi?acc=GSE158952
data\resource_coverage.csv,54,https://www.ncbi.nlm.nih.gov/geo/query/acc.cgi?acc=GSE160925
data\resource_coverage.csv,55,https://www.ncbi.nlm.nih.gov/geo/query/acc.cgi?acc=GSE95437
data\resource_coverage.csv,56,https://www.ncbi.nlm.nih.gov/geo/query/acc.cgi?acc=GSE73661
data\resource_coverage.csv,57,https://www.ebi.ac.uk/ena/browser/view/E-MTAB-7604
data\resource_coverage.csv,58,https://www.ebi.ac.uk/ena/browser/view/E-MTAB-9731
data\resource_coverage.csv,59,https://www.ncbi.nlm.nih.gov/geo/query/acc.cgi?acc=GSE164871
data\resource_coverage.csv,60,https://www.ncbi.nlm.nih.gov/geo/query/acc.cgi?acc=GSE171244
data\resource_coverage.csv,61,https://www.ncbi.nlm.nih.gov/geo/query/acc.cgi?acc=GSE212849
data\resource_coverage.csv,62,https://www.ebi.ac.uk/ena/browser/view/E-MTAB-7845
data\resource_coverage.csv,63,https://www.ncbi.nlm.nih.gov/geo/query/acc.cgi?acc=GSE161031
data\resource_coverage.csv,64,https://www.ncbi.nlm.nih.gov/geo/query/acc.cgi?acc=GSE107865
data\resource_coverage.csv,65,https://www.ncbi.nlm.nih.gov/geo/query/acc.cgi?acc=GSE59071
data\resource_coverage.csv,66,https://www.ncbi.nlm.nih.gov/geo/query/acc.cgi?acc=GSE16879
data\resource_coverage.csv,67,https://www.ncbi.nlm.nih.gov/geo/query/acc.cgi?acc=GSE66207
data\resource_coverage.csv,68,https://www.ncbi.nlm.nih.gov/geo/query/acc.cgi?acc=GSE67250
data\resource_coverage.csv,69,https://www.ncbi.nlm.nih.gov/geo/query/acc.cgi?acc=GSE69446
data\resource_coverage.csv,70,https://www.ncbi.nlm.nih.gov/geo/query/acc.cgi?acc=GSE83381
data\resource_coverage.csv,71,https://www.ncbi.nlm.nih.gov/geo/query/acc.cgi?acc=GSE135223
data\resource_coverage.csv,72,https://www.ncbi.nlm.nih.gov/geo/query/acc.cgi?acc=GSE72819
data\resource_coverage.csv,73,https://www.ncbi.nlm.nih.gov/geo/query/acc.cgi?acc=GSE52746
data\resource_coverage.csv,74,https://www.ncbi.nlm.nih.gov/geo/query/acc.cgi?acc=GSE23597
data\resource_coverage.csv,75,https://www.ncbi.nlm.nih.gov/geo/query/acc.cgi?acc=GSE152316
data\resource_coverage.csv,76,https://www.ncbi.nlm.nih.gov/geo/query/acc.cgi?acc=GSE207022
data\resource_coverage.csv,77,https://www.ncbi.nlm.nih.gov/geo/query/acc.cgi?acc=GSE206285
data\resource_coverage.csv,78,https://www.ncbi.nlm.nih.gov/geo/query/acc.cgi?acc=GSE53306
data\resource_coverage.csv,79,https://www.ncbi.nlm.nih.gov/geo/query/acc.cgi?acc=GSE9452
data\resource_coverage.csv,80,https://www.ncbi.nlm.nih.gov/geo/query/acc.cgi?acc=GSE12251
data\resource_coverage.csv,81,https://www.ncbi.nlm.nih.gov/geo/query/acc.cgi?acc=GSE100833
data\resource_coverage.csv,82,https://www.ncbi.nlm.nih.gov/geo/query/acc.cgi?acc=GSE83687
data\resource_coverage.csv,83,https://cellxgene.cziscience.com/collections/7c7bd6c2-925b-4034-baab-620ef1b760e1
data\resource_coverage.csv,83,https://www.ncbi.nlm.nih.gov/geo/query/acc.cgi?acc=GSE214695
data\resource_coverage.csv,84,https://cellxgene.cziscience.com/collections/33d19f34-87f5-455b-8ca5-9023a2e5453d
data\resource_coverage.csv,84,https://singlecell.broadinstitute.org/single_cell/study/SCP259
data\resource_coverage.csv,85,https://explore.data.humancellatlas.org/projects/cd61771b-661a-4e19-b269-6e5d95350de6
data\resource_coverage.csv,85,https://singlecell.broadinstitute.org/single_cell/study/SCP259
data\resource_coverage.csv,86,https://cellxgene.cziscience.com/collections/5c868b6f-62c5-4532-9d7f-a346ad4b50a7
data\resource_coverage.csv,86,https://singlecell.broadinstitute.org/single_cell/study/SCP1884
docs\about.html,2,http://www.w3.org/1999/xhtml
docs\about.html,14,https://pandoc.org/MANUAL.html#variables-for-html
docs\about.html,24,https://github.com/quarto-dev/quarto-cli/issues/4556
docs\about.html,229,https://github.com/dahhamalsoud
docs\about.html,229,https://scholar.google.com/citations?user=L_Vs-00AAAAJ&amp
docs\curation-methods.html,2,http://www.w3.org/1999/xhtml
docs\curation-methods.html,14,https://pandoc.org/MANUAL.html#variables-for-html
docs\curation-methods.html,24,https://github.com/quarto-dev/quarto-cli/issues/4556
docs\curation-methods.html,675,https://github.com/dahhamalsoud
docs\curation-methods.html,682,https://www.ncbi.nlm.nih.gov/geo/
docs\curation-methods.html,682,https://www.ncbi.nlm.nih.gov/sra
docs\curation-methods.html,682,https://www.ebi.ac.uk/pride/
docs\curation-methods.html,682,https://massive.ucsd.edu/
docs\curation-methods.html,682,https://www.metabolomicsworkbench.org/
docs\curation-methods.html,682,https://www.ncbi.nlm.nih.gov/gap/
docs\curation-methods.html,682,https://www.ebi.ac.uk/gwas/
docs\curation-methods.html,682,https://cellxgene.cziscience.com/
docs\curation-methods.html,682,https://www.humancellatlas.org/
docs\curation-methods.html,683,https://ibdmdb.org/
docs\curation-methods.html,683,https://www.ibdgenetics.org/
docs\curation-methods.html,683,https://platform.opentargets.org/
docs\curation-methods.html,683,https://www.finngen.fi/
docs\curation-methods.html,683,https://biobank.ndph.ox.ac.uk/ukb/
docs\data\ibd_omics_datasets.csv,2,https://ibdmdb.org
docs\data\ibd_omics_datasets.csv,2,https://www.nature.com/articles/s41586-019-1237-9
docs\data\ibd_omics_datasets.csv,2,https://www.ncbi.nlm.nih.gov/geo/query/acc.cgi?acc=GSE111889
docs\data\ibd_omics_datasets.csv,2,https://www.ncbi.nlm.nih.gov/projects/gap/cgi-bin/study.cgi?study_id=phs001626.v1.p1
docs\data\ibd_omics_datasets.csv,2,https://www.ncbi.nlm.nih.gov/bioproject/398089
docs\data\ibd_omics_datasets.csv,3,https://www.ncbi.nlm.nih.gov/geo/query/acc.cgi?acc=GSE193677
docs\data\ibd_omics_datasets.csv,3,https://pubmed.ncbi.nlm.nih.gov/36109152/
docs\data\ibd_omics_datasets.csv,4,https://www.ncbi.nlm.nih.gov/geo/query/acc.cgi?acc=GSE235236
docs\data\ibd_omics_datasets.csv,4,https://pubmed.ncbi.nlm.nih.gov/37495570/
docs\data\ibd_omics_datasets.csv,5,https://www.ncbi.nlm.nih.gov/geo/query/acc.cgi?acc=GSE57945
docs\data\ibd_omics_datasets.csv,5,https://pubmed.ncbi.nlm.nih.gov/25003194/
docs\data\ibd_omics_datasets.csv,6,https://www.ncbi.nlm.nih.gov/geo/query/acc.cgi?acc=GSE10616
docs\data\ibd_omics_datasets.csv,6,https://pubmed.ncbi.nlm.nih.gov/18758464/
docs\data\ibd_omics_datasets.csv,7,https://www.ncbi.nlm.nih.gov/geo/query/acc.cgi?acc=GSE126124
docs\data\ibd_omics_datasets.csv,7,https://pubmed.ncbi.nlm.nih.gov/31618209/
docs\data\ibd_omics_datasets.csv,8,https://www.ncbi.nlm.nih.gov/geo/query/acc.cgi?acc=GSE36807
docs\data\ibd_omics_datasets.csv,8,https://pubmed.ncbi.nlm.nih.gov/24155895/
docs\data\ibd_omics_datasets.csv,9,https://www.ncbi.nlm.nih.gov/geo/query/acc.cgi?acc=GSE6731
docs\data\ibd_omics_datasets.csv,9,https://pubmed.ncbi.nlm.nih.gov/17262812/
docs\data\ibd_omics_datasets.csv,10,https://www.ncbi.nlm.nih.gov/geo/query/acc.cgi?acc=GSE1710
docs\data\ibd_omics_datasets.csv,10,https://pubmed.ncbi.nlm.nih.gov/16107186/
docs\data\ibd_omics_datasets.csv,11,https://www.ncbi.nlm.nih.gov/geo/query/acc.cgi?acc=GSE59071
docs\data\ibd_omics_datasets.csv,11,https://pubmed.ncbi.nlm.nih.gov/26313692/
docs\data\ibd_omics_datasets.csv,12,https://www.ncbi.nlm.nih.gov/geo/query/acc.cgi?acc=GSE11499
docs\data\ibd_omics_datasets.csv,13,https://www.ncbi.nlm.nih.gov/geo/query/acc.cgi?acc=GSE94648
docs\data\ibd_omics_datasets.csv,13,https://pubmed.ncbi.nlm.nih.gov/28981629/
docs\data\ibd_omics_datasets.csv,14,https://www.ncbi.nlm.nih.gov/geo/query/acc.cgi?acc=GSE75214
docs\data\ibd_omics_datasets.csv,14,https://pubmed.ncbi.nlm.nih.gov/28885228/
docs\data\ibd_omics_datasets.csv,15,https://www.ncbi.nlm.nih.gov/geo/query/acc.cgi?acc=GSE48958
docs\data\ibd_omics_datasets.csv,15,https://pubmed.ncbi.nlm.nih.gov/25546151/
docs\data\ibd_omics_datasets.csv,16,https://www.ncbi.nlm.nih.gov/geo/query/acc.cgi?acc=GSE179285
docs\data\ibd_omics_datasets.csv,16,https://pubmed.ncbi.nlm.nih.gov/34561227/
docs\data\ibd_omics_datasets.csv,17,https://www.ncbi.nlm.nih.gov/geo/query/acc.cgi?acc=GSE214695
docs\data\ibd_omics_datasets.csv,17,https://pubmed.ncbi.nlm.nih.gov/37495570/
docs\data\ibd_omics_datasets.csv,17,https://cellxgene.cziscience.com/collections/7c7bd6c2-925b-4034-baab-620ef1b760e1
docs\data\ibd_omics_datasets.csv,18,https://www.ncbi.nlm.nih.gov/geo/query/acc.cgi?acc=GSE234713
docs\data\ibd_omics_datasets.csv,18,https://pubmed.ncbi.nlm.nih.gov/37495570/
docs\data\ibd_omics_datasets.csv,19,https://www.ncbi.nlm.nih.gov/geo/query/acc.cgi?acc=GSE282122
docs\data\ibd_omics_datasets.csv,19,https://pubmed.ncbi.nlm.nih.gov/39438660/
docs\data\ibd_omics_datasets.csv,20,https://www.ncbi.nlm.nih.gov/geo/query/acc.cgi?acc=GSE134809
docs\data\ibd_omics_datasets.csv,20,https://doi.org/10.1016/j.cell.2019.08.008
docs\data\ibd_omics_datasets.csv,20,https://pubmed.ncbi.nlm.nih.gov/31474370/
docs\data\ibd_omics_datasets.csv,21,https://explore.data.humancellatlas.org/projects/9dd91b6e-7c62-49d3-a3d4-74f603deffdb
docs\data\ibd_omics_datasets.csv,21,https://pubmed.ncbi.nlm.nih.gov/36206201/
docs\data\ibd_omics_datasets.csv,22,https://www.ebi.ac.uk/pride/archive/projects/PXD033158
docs\data\ibd_omics_datasets.csv,22,https://pubmed.ncbi.nlm.nih.gov/38552248/
docs\data\ibd_omics_datasets.csv,22,https://proteomecentral.proteomexchange.org/cgi/GetDataset?ID=PXD033158
docs\data\ibd_omics_datasets.csv,22,https://massive.ucsd.edu/ProteoSAFe/dataset.jsp?task=b0d934d3f9fd47e8809eae2bc9b0a144
docs\data\ibd_omics_datasets.csv,23,https://proteomecentral.proteomexchange.org/cgi/GetDataset?ID=PXD010371
docs\data\ibd_omics_datasets.csv,23,https://doi.org/10.1016/j.jprot.2019.04.009
docs\data\ibd_omics_datasets.csv,23,https://pubmed.ncbi.nlm.nih.gov/31009805/
docs\data\ibd_omics_datasets.csv,24,https://proteomecentral.proteomexchange.org/cgi/GetDataset?ID=PXD001608
docs\data\ibd_omics_datasets.csv,24,https://pubmed.ncbi.nlm.nih.gov/25993694/
docs\data\ibd_omics_datasets.csv,24,https://www.omicsdi.org/dataset/pride/PXD001608
docs\data\ibd_omics_datasets.csv,25,https://massive.ucsd.edu/ProteoSAFe/QueryMSV?id=MSV000086509
docs\data\ibd_omics_datasets.csv,25,https://doi.org/10.1186/s40168-022-01331-x
docs\data\ibd_omics_datasets.csv,25,https://massive.ucsd.edu/ProteoSAFe/proxi/v0.1/datasets/MSV000086509
docs\data\ibd_omics_datasets.csv,25,https://pubmed.ncbi.nlm.nih.gov/35999575/
docs\data\ibd_omics_datasets.csv,26,https://www.metabolomicsworkbench.org/data/DRCCMetadata.php?StudyID=ST002470
docs\data\ibd_omics_datasets.csv,26,https://doi.org/10.1016/j.chom.2023.12.013
docs\data\ibd_omics_datasets.csv,26,https://www.metabolomicsworkbench.org/data/DRCCMetadata.php?DataMode=AnalysisData&Mode=Study&ResultType=5&StudyID=ST002470&StudyType=LC-MS
docs\data\ibd_omics_datasets.csv,26,https://pubmed.ncbi.nlm.nih.gov/38215740/
docs\data\ibd_omics_datasets.csv,27,https://www.ncbi.nlm.nih.gov/geo/query/acc.cgi?acc=GSE87648
docs\data\ibd_omics_datasets.csv,27,https://pubmed.ncbi.nlm.nih.gov/27886173/
docs\data\ibd_omics_datasets.csv,28,https://www.ncbi.nlm.nih.gov/geo/query/acc.cgi?acc=GSE32148
docs\data\ibd_omics_datasets.csv,28,https://pubmed.ncbi.nlm.nih.gov/22467598/
docs\data\ibd_omics_datasets.csv,29,https://www.ncbi.nlm.nih.gov/geo/query/acc.cgi?acc=GSE32146
docs\data\ibd_omics_datasets.csv,29,https://pubmed.ncbi.nlm.nih.gov/24937444/
docs\data\ibd_omics_datasets.csv,30,https://www.ncbi.nlm.nih.gov/geo/query/acc.cgi?acc=GSE42921
docs\data\ibd_omics_datasets.csv,30,https://pubmed.ncbi.nlm.nih.gov/24937444/
docs\data\ibd_omics_datasets.csv,31,https://www.ncbi.nlm.nih.gov/geo/query/acc.cgi?acc=GSE210721
docs\data\ibd_omics_datasets.csv,31,https://pubmed.ncbi.nlm.nih.gov/36271073/
docs\data\ibd_omics_datasets.csv,32,https://www.ncbi.nlm.nih.gov/projects/gap/cgi-bin/study.cgi?study_id=phs002336.v1.p1
docs\data\ibd_omics_datasets.csv,32,https://dbgap.ncbi.nlm.nih.gov/aa/wga.cgi?stacc=phs002336.v1.p1&view_pdf=
docs\data\ibd_omics_datasets.csv,32,https://ega-archive.org/studies/phs002336
docs\data\ibd_omics_datasets.csv,32,https://www.ncbi.nlm.nih.gov/bioproject?from_uid=2222510&linkname=gap_bioproject
docs\data\ibd_omics_datasets.csv,33,https://www.ncbi.nlm.nih.gov/geo/query/acc.cgi?acc=GSE109142
docs\data\ibd_omics_datasets.csv,33,https://www.nature.com/articles/s41467-018-07841-3
docs\data\ibd_omics_datasets.csv,34,https://www.ncbi.nlm.nih.gov/geo/query/acc.cgi?acc=GSE150961
docs\data\ibd_omics_datasets.csv,35,https://www.ncbi.nlm.nih.gov/geo/query/acc.cgi?acc=GSE117993
docs\data\ibd_omics_datasets.csv,36,https://www.ncbi.nlm.nih.gov/geo/query/acc.cgi?acc=GSE93624
docs\data\ibd_omics_datasets.csv,36,https://pubmed.ncbi.nlm.nih.gov/28805827/
docs\data\ibd_omics_datasets.csv,37,https://www.ncbi.nlm.nih.gov/geo/query/acc.cgi?acc=GSE185061
docs\data\ibd_omics_datasets.csv,37,https://pubmed.ncbi.nlm.nih.gov/36964596/
docs\data\ibd_omics_datasets.csv,37,https://clinicalepigeneticsjournal.biomedcentral.com/articles/10.1186/s13148-023-01462-4
docs\data\ibd_omics_datasets.csv,37,https://ftp.ncbi.nlm.nih.gov/geo/series/GSE185nnn/GSE185061/matrix/GSE185061_series_matrix.txt.gz
docs\data\ibd_omics_datasets.csv,38,https://www.ncbi.nlm.nih.gov/geo/query/acc.cgi?acc=GSE221161
docs\data\ibd_omics_datasets.csv,38,https://pubmed.ncbi.nlm.nih.gov/38302662/
docs\data\ibd_omics_datasets.csv,39,https://www.ncbi.nlm.nih.gov/geo/query/acc.cgi?acc=GSE125527
docs\data\ibd_omics_datasets.csv,39,https://pubmed.ncbi.nlm.nih.gov/32826341/
docs\data\ibd_omics_datasets.csv,40,https://www.ncbi.nlm.nih.gov/geo/query/acc.cgi?acc=GSE150115
docs\data\ibd_omics_datasets.csv,40,https://pubmed.ncbi.nlm.nih.gov/32428507/
docs\data\ibd_omics_datasets.csv,41,https://www.ncbi.nlm.nih.gov/geo/query/acc.cgi?acc=GSE83687
docs\data\ibd_omics_datasets.csv,41,https://pubmed.ncbi.nlm.nih.gov/28892060/
docs\data\ibd_omics_datasets.csv,42,https://www.ncbi.nlm.nih.gov/geo/query/acc.cgi?acc=GSE112366
docs\data\ibd_omics_datasets.csv,42,https://pubmed.ncbi.nlm.nih.gov/29782846/
docs\data\ibd_omics_datasets.csv,42,https://ftp.ncbi.nlm.nih.gov/geo/series/GSE112nnn/GSE112366/matrix/GSE112366_series_matrix.txt.gz
docs\data\ibd_omics_datasets.csv,43,https://www.ncbi.nlm.nih.gov/geo/query/acc.cgi?acc=GSE92415
docs\data\ibd_omics_datasets.csv,43,https://pubmed.ncbi.nlm.nih.gov/23735746/
docs\data\ibd_omics_datasets.csv,44,https://www.ncbi.nlm.nih.gov/geo/query/acc.cgi?acc=GSE206285
docs\data\ibd_omics_datasets.csv,44,https://pubmed.ncbi.nlm.nih.gov/36192482/
docs\data\ibd_omics_datasets.csv,45,https://www.omicsdi.org/dataset/pride/PXD001821
docs\data\ibd_omics_datasets.csv,45,https://doi.org/10.1074/mcp.M116.066506
docs\data\ibd_omics_datasets.csv,45,https://proteomecentral.proteomexchange.org/cgi/GetDataset?ID=PXD001821-4&test=no
docs\data\ibd_omics_datasets.csv,46,https://www.omicsdi.org/dataset/pride/PXD012284
docs\data\ibd_omics_datasets.csv,46,https://pubmed.ncbi.nlm.nih.gov/31282946/
docs\data\ibd_omics_datasets.csv,46,https://www.ebi.ac.uk/pride/ws/archive/v3/projects/PXD012284
docs\data\ibd_omics_datasets.csv,47,https://www.omicsdi.org/dataset/pride/PXD014479
docs\data\ibd_omics_datasets.csv,47,https://pubmed.ncbi.nlm.nih.gov/31393699/
docs\data\ibd_omics_datasets.csv,47,https://www.ebi.ac.uk/pride/ws/archive/v3/projects/PXD014479
docs\data\ibd_omics_datasets.csv,48,https://www.omicsdi.org/dataset/pride/PXD030775
docs\data\ibd_omics_datasets.csv,48,https://pubmed.ncbi.nlm.nih.gov/36961872/
docs\data\ibd_omics_datasets.csv,48,https://pmc.ncbi.nlm.nih.gov/articles/PMC10588787/
docs\data\ibd_omics_datasets.csv,49,https://www.omicsdi.org/dataset/pride/PXD050335
docs\data\ibd_omics_datasets.csv,49,https://pubmed.ncbi.nlm.nih.gov/38791146/
docs\data\ibd_omics_datasets.csv,49,https://www.ebi.ac.uk/pride/ws/archive/v3/projects/PXD050335
docs\data\ibd_omics_datasets.csv,49,https://pmc.ncbi.nlm.nih.gov/articles/PMC11121447/
docs\data\ibd_omics_datasets.csv,50,https://www.metabolomicsworkbench.org/data/DRCCMetadata.php?StudyID=ST000899
docs\data\ibd_omics_datasets.csv,50,https://pubmed.ncbi.nlm.nih.gov/29681789/
docs\data\ibd_omics_datasets.csv,50,https://www.metabolomicsworkbench.org/rest/study/study_id/ST000899/summary
docs\data\ibd_omics_datasets.csv,50,https://www.metabolomicsworkbench.org/rest/study/study_id/ST000899/factors
docs\data\ibd_omics_datasets.csv,51,https://www.metabolomicsworkbench.org/data/DRCCMetadata.php?StudyID=ST001000
docs\data\ibd_omics_datasets.csv,51,https://www.nature.com/articles/s41564-018-0306-4
docs\data\ibd_omics_datasets.csv,51,https://www.metabolomicsworkbench.org/rest/study/study_id/ST001000/summary
docs\data\ibd_omics_datasets.csv,51,https://www.ncbi.nlm.nih.gov/bioproject/400072
docs\data\ibd_omics_datasets.csv,52,https://www.metabolomicsworkbench.org/data/DRCCMetadata.php?StudyID=ST002471
docs\data\ibd_omics_datasets.csv,52,https://doi.org/10.1016/j.chom.2023.12.013
docs\data\ibd_omics_datasets.csv,52,https://www.metabolomicsworkbench.org/rest/study/study_id/ST002471/summary
docs\data\ibd_omics_datasets.csv,52,https://www.metabolomicsworkbench.org/rest/study/study_id/ST002471/factors
docs\data\ibd_omics_datasets.csv,52,https://pubmed.ncbi.nlm.nih.gov/38215740/
docs\data\ibd_omics_datasets.csv,53,https://massive.ucsd.edu/ProteoSAFe/dataset.jsp?accession=MSV000082094
docs\data\ibd_omics_datasets.csv,53,https://www.nature.com/articles/s41564-021-01050-3
docs\data\ibd_omics_datasets.csv,53,https://www.ebi.ac.uk/ena/browser/view/PRJEB42151
docs\data\ibd_omics_datasets.csv,53,https://www.ebi.ac.uk/ena/browser/view/PRJEB42155
docs\data\ibd_omics_datasets.csv,54,https://massive.ucsd.edu/ProteoSAFe/dataset.jsp?accession=MSV000084908
docs\data\ibd_omics_datasets.csv,54,https://link.springer.com/article/10.1186/s40168-022-01331-x
docs\data\ibd_omics_datasets.csv,54,https://massive.ucsd.edu/ProteoSAFe/proxi/v0.1/datasets/MSV000084908
docs\data\ibd_omics_datasets.csv,55,https://www.ncbi.nlm.nih.gov/geo/query/acc.cgi?acc=GSE87473
docs\data\ibd_omics_datasets.csv,55,https://pubmed.ncbi.nlm.nih.gov/29401083/
docs\data\ibd_omics_datasets.csv,55,https://www.ncbi.nlm.nih.gov/geo/query/acc.cgi?acc=GSE87465
docs\data\ibd_omics_datasets.csv,55,https://www.ncbi.nlm.nih.gov/geo/query/acc.cgi?acc=GSE87466
docs\data\ibd_omics_datasets.csv,56,https://www.ncbi.nlm.nih.gov/geo/query/acc.cgi?acc=GSE16879
docs\data\ibd_omics_datasets.csv,56,https://journals.plos.org/plosone/article?id=10.1371/journal.pone.0007984
docs\data\ibd_omics_datasets.csv,56,https://pubmed.ncbi.nlm.nih.gov/19956723/
docs\data\ibd_omics_datasets.csv,57,https://www.ncbi.nlm.nih.gov/geo/query/acc.cgi?acc=GSE12251
docs\data\ibd_omics_datasets.csv,57,https://pubmed.ncbi.nlm.nih.gov/19700435/
docs\data\ibd_omics_datasets.csv,58,https://www.ncbi.nlm.nih.gov/geo/query/acc.cgi?acc=GSE14580
docs\data\ibd_omics_datasets.csv,58,https://pubmed.ncbi.nlm.nih.gov/19700435/
docs\data\ibd_omics_datasets.csv,59,https://www.ncbi.nlm.nih.gov/geo/query/acc.cgi?acc=GSE52746
docs\data\ibd_omics_datasets.csv,60,https://www.ncbi.nlm.nih.gov/geo/query/acc.cgi?acc=GSE11223
docs\data\ibd_omics_datasets.csv,61,https://www.ncbi.nlm.nih.gov/geo/query/acc.cgi?acc=GSE4183
docs\data\ibd_omics_datasets.csv,62,https://www.ncbi.nlm.nih.gov/geo/query/acc.cgi?acc=GSE38713
docs\data\ibd_omics_datasets.csv,63,https://www.ncbi.nlm.nih.gov/geo/query/acc.cgi?acc=GSE3365
docs\data\ibd_omics_datasets.csv,64,https://www.ncbi.nlm.nih.gov/geo/query/acc.cgi?acc=GSE107865
docs\data\ibd_omics_datasets.csv,65,https://www.ncbi.nlm.nih.gov/geo/query/acc.cgi?acc=GSE116222
docs\data\ibd_omics_datasets.csv,65,https://doi.org/10.1038/s41586-019-0992-y
docs\data\ibd_omics_datasets.csv,66,https://www.ncbi.nlm.nih.gov/geo/query/acc.cgi?acc=GSE114374
docs\data\ibd_omics_datasets.csv,66,https://doi.org/10.1016/j.cell.2018.08.067
docs\data\ibd_omics_datasets.csv,67,https://www.ncbi.nlm.nih.gov/geo/query/acc.cgi?acc=GSE148837
docs\data\ibd_omics_datasets.csv,67,https://doi.org/10.1038/s41591-020-1003-4
docs\data\ibd_omics_datasets.csv,68,https://singlecell.broadinstitute.org/single_cell/study/SCP259
docs\data\ibd_omics_datasets.csv,68,https://doi.org/10.1016/j.cell.2019.06.029
docs\data\ibd_omics_datasets.csv,68,https://cellxgene.cziscience.com/collections/33d19f34-87f5-455b-8ca5-9023a2e5453d
docs\data\ibd_omics_datasets.csv,68,https://explore.data.humancellatlas.org/projects/cd61771b-661a-4e19-b269-6e5d95350de6
docs\data\ibd_omics_datasets.csv,69,https://www.ncbi.nlm.nih.gov/geo/query/acc.cgi?acc=GSE157477
docs\data\ibd_omics_datasets.csv,69,https://doi.org/10.1038/s41467-021-22164-6
docs\data\ibd_omics_datasets.csv,70,https://www.immport.org/shared/study/SDY1765
docs\data\ibd_omics_datasets.csv,70,https://doi.org/10.1016/j.medj.2022.05.002
docs\data\ibd_omics_datasets.csv,70,https://www.immport.org/shared/data/query/ui/study/summary/SDY1765
docs\data\ibd_omics_datasets.csv,71,https://www.ncbi.nlm.nih.gov/geo/query/acc.cgi?acc=GSE121380
docs\data\ibd_omics_datasets.csv,71,https://doi.org/10.1016/j.cell.2019.10.027
docs\data\ibd_omics_datasets.csv,72,https://www.ncbi.nlm.nih.gov/geo/query/acc.cgi?acc=GSE182270
docs\data\ibd_omics_datasets.csv,72,https://doi.org/10.1038/s41591-022-01680-y
docs\data\ibd_omics_datasets.csv,73,https://singlecell.broadinstitute.org/single_cell/study/SCP1884
docs\data\ibd_omics_datasets.csv,73,https://doi.org/10.1016/j.immuni.2023.01.002
docs\data\ibd_omics_datasets.csv,73,https://github.com/LJ-Kong/cd_atlas_single_cell
docs\data\ibd_omics_datasets.csv,73,https://cellxgene.cziscience.com/collections/5c868b6f-62c5-4532-9d7f-a346ad4b50a7
docs\data\ibd_omics_datasets.csv,74,https://www.ebi.ac.uk/pride/archive/projects/PXD030121
docs\data\ibd_omics_datasets.csv,74,https://pubmed.ncbi.nlm.nih.gov/35770079/
docs\data\ibd_omics_datasets.csv,74,https://www.ebi.ac.uk/pride/ws/archive/v3/projects/PXD030121
docs\data\ibd_omics_datasets.csv,74,https://www.ebi.ac.uk/pride/ws/archive/v3/projects/PXD030121/files/all
docs\data\ibd_omics_datasets.csv,75,https://www.ebi.ac.uk/pride/archive/projects/PXD061040
docs\data\ibd_omics_datasets.csv,75,https://pmc.ncbi.nlm.nih.gov/articles/PMC12203869/
docs\data\ibd_omics_datasets.csv,75,https://www.ebi.ac.uk/pride/ws/archive/v3/projects/PXD061040
docs\data\ibd_omics_datasets.csv,76,https://massive.ucsd.edu/ProteoSAFe/dataset.jsp?accession=MSV000093975
docs\data\ibd_omics_datasets.csv,76,https://microbiomejournal.biomedcentral.com/articles/10.1186/s40168-024-01927-5
docs\data\ibd_omics_datasets.csv,76,https://microbiomejournal.biomedcentral.com/articles/10.1186/s40168-024-01927-5/tables/1
docs\data\ibd_omics_datasets.csv,77,https://proteomecentral.proteomexchange.org/cgi/GetDataset?ID=PXD032706
docs\data\ibd_omics_datasets.csv,77,https://pubmed.ncbi.nlm.nih.gov/35456018/
docs\data\ibd_omics_datasets.csv,78,https://www.ncbi.nlm.nih.gov/geo/query/acc.cgi?acc=GSE212849
docs\data\ibd_omics_datasets.csv,78,https://pubmed.ncbi.nlm.nih.gov/36170836/
docs\data\ibd_omics_datasets.csv,79,https://www.ebi.ac.uk/ena/browser/view/E-MTAB-7845
docs\data\ibd_omics_datasets.csv,79,https://pubmed.ncbi.nlm.nih.gov/31446181/
docs\data\ibd_omics_datasets.csv,80,https://www.ncbi.nlm.nih.gov/geo/query/acc.cgi?acc=GSE152316
docs\data\ibd_omics_datasets.csv,80,https://doi.org/10.1016/j.xcrm.2021.100381
docs\data\ibd_omics_datasets.csv,80,https://www.ncbi.nlm.nih.gov/bioproject/PRJNA638957
docs\data\ibd_omics_datasets.csv,80,https://pubmed.ncbi.nlm.nih.gov/34467254/
docs\data\ibd_omics_datasets.csv,81,https://www.ncbi.nlm.nih.gov/geo/query/acc.cgi?acc=GSE117875
docs\data\ibd_omics_datasets.csv,81,https://doi.org/10.1172/jci.insight.122104
docs\data\ibd_omics_datasets.csv,81,https://pubmed.ncbi.nlm.nih.gov/30232290/
docs\data\ibd_omics_datasets.csv,82,https://www.ncbi.nlm.nih.gov/geo/query/acc.cgi?acc=GSE156044
docs\data\ibd_omics_datasets.csv,82,https://pubmed.ncbi.nlm.nih.gov/32991841/
docs\data\ibd_omics_datasets.csv,82,https://ftp.ncbi.nlm.nih.gov/geo/series/GSE156nnn/GSE156044/matrix/GSE156044_series_matrix.txt.gz
docs\data\ibd_omics_datasets.csv,83,https://www.ncbi.nlm.nih.gov/geo/query/acc.cgi?acc=GSE73661
docs\data\ibd_omics_datasets.csv,83,https://pubmed.ncbi.nlm.nih.gov/27802155/
docs\data\ibd_omics_datasets.csv,83,https://ftp.ncbi.nlm.nih.gov/geo/series/GSE73nnn/GSE73661/matrix/GSE73661_series_matrix.txt.gz
docs\data\ibd_omics_datasets.csv,84,https://www.ncbi.nlm.nih.gov/geo/query/acc.cgi?acc=GSE160925
docs\data\ibd_omics_datasets.csv,84,https://doi.org/10.1016/j.jcmgh.2021.06.022
docs\data\ibd_omics_datasets.csv,84,https://pubmed.ncbi.nlm.nih.gov/34224909/
docs\data\ibd_omics_datasets.csv,84,https://pmc.ncbi.nlm.nih.gov/articles/PMC8551698/
docs\data\ibd_omics_datasets.csv,85,https://www.ncbi.nlm.nih.gov/geo/query/acc.cgi?acc=GSE95437
docs\data\ibd_omics_datasets.csv,85,https://doi.org/10.1038/s41467-018-03766-z
docs\data\ibd_omics_datasets.csv,85,https://pubmed.ncbi.nlm.nih.gov/29695774/
docs\data\ibd_omics_datasets.csv,85,https://pmc.ncbi.nlm.nih.gov/articles/PMC5916929/
docs\data\ibd_omics_datasets.csv,86,https://www.ebi.ac.uk/ena/browser/view/E-MTAB-7604
docs\data\ibd_omics_datasets.csv,86,https://pubmed.ncbi.nlm.nih.gov/30685385/
docs\data\ibd_omics_datasets.csv,87,https://www.ebi.ac.uk/ena/browser/view/E-MTAB-9731
docs\data\ibd_omics_datasets.csv,88,https://www.ncbi.nlm.nih.gov/geo/query/acc.cgi?acc=GSE164871
docs\data\ibd_omics_datasets.csv,88,https://www.ncbi.nlm.nih.gov/bioproject/PRJNA692234
docs\data\ibd_omics_datasets.csv,88,https://www.ncbi.nlm.nih.gov/sra?term=SRP301816
docs\data\ibd_omics_datasets.csv,89,https://www.ncbi.nlm.nih.gov/geo/query/acc.cgi?acc=GSE171244
docs\data\ibd_omics_datasets.csv,89,https://pubmed.ncbi.nlm.nih.gov/34113837/
docs\data\ibd_omics_datasets.csv,89,https://www.ncbi.nlm.nih.gov/bioproject/PRJNA718848
docs\data\ibd_omics_datasets.csv,89,https://www.ncbi.nlm.nih.gov/sra?term=SRP312907
docs\data\ibd_omics_datasets.csv,90,https://www.ncbi.nlm.nih.gov/geo/query/acc.cgi?acc=GSE161031
docs\data\ibd_omics_datasets.csv,90,https://doi.org/10.1016/j.cell.2022.06.048
docs\data\ibd_omics_datasets.csv,90,https://ftp.ncbi.nlm.nih.gov/geo/series/GSE161nnn/GSE161031/matrix/GSE161031_series_matrix.txt.gz
docs\data\ibd_omics_datasets.csv,90,https://trace.ncbi.nlm.nih.gov/Traces/sra-db-be/runinfo?acc=SRP291527
docs\data\ibd_omics_datasets.csv,90,https://pubmed.ncbi.nlm.nih.gov/35952671/
docs\data\ibd_omics_datasets.csv,91,https://www.ncbi.nlm.nih.gov/geo/query/acc.cgi?acc=GSE66207
docs\data\ibd_omics_datasets.csv,91,https://pubmed.ncbi.nlm.nih.gov/26164662/
docs\data\ibd_omics_datasets.csv,91,https://pmc.ncbi.nlm.nih.gov/articles/PMC4603665/
docs\data\ibd_omics_datasets.csv,92,https://www.ncbi.nlm.nih.gov/geo/query/acc.cgi?acc=GSE67250
docs\data\ibd_omics_datasets.csv,92,https://pubmed.ncbi.nlm.nih.gov/26973718/
docs\data\ibd_omics_datasets.csv,92,https://ftp.ncbi.nlm.nih.gov/geo/series/GSE67nnn/GSE67250/soft/GSE67250_family.soft.gz
docs\data\ibd_omics_datasets.csv,93,https://www.ncbi.nlm.nih.gov/geo/query/acc.cgi?acc=GSE69446
docs\data\ibd_omics_datasets.csv,93,https://pubmed.ncbi.nlm.nih.gov/29263823/
docs\data\ibd_omics_datasets.csv,93,https://ftp.ncbi.nlm.nih.gov/geo/series/GSE69nnn/GSE69446/matrix/GSE69446_series_matrix.txt.gz
docs\data\ibd_omics_datasets.csv,94,https://www.ncbi.nlm.nih.gov/geo/query/acc.cgi?acc=GSE83381
docs\data\ibd_omics_datasets.csv,94,https://pubmed.ncbi.nlm.nih.gov/28783698/
docs\data\ibd_omics_datasets.csv,94,https://ftp.ncbi.nlm.nih.gov/geo/series/GSE83nnn/GSE83381/matrix/GSE83381_series_matrix.txt.gz
docs\data\ibd_omics_datasets.csv,94,https://trace.ncbi.nlm.nih.gov/Traces/sra-db-be/runinfo?acc=SRP076599
docs\data\ibd_omics_datasets.csv,95,https://www.ncbi.nlm.nih.gov/geo/query/acc.cgi?acc=GSE135223
docs\data\ibd_omics_datasets.csv,95,https://pubmed.ncbi.nlm.nih.gov/35394816/
docs\data\ibd_omics_datasets.csv,95,https://www.ncbi.nlm.nih.gov/bioproject/PRJNA557840
docs\data\ibd_omics_datasets.csv,95,https://www.ncbi.nlm.nih.gov/sra?term=SRP217042
docs\data\ibd_omics_datasets.csv,96,https://www.ncbi.nlm.nih.gov/geo/query/acc.cgi?acc=GSE9452
docs\data\ibd_omics_datasets.csv,96,https://pubmed.ncbi.nlm.nih.gov/19177426/
docs\data\ibd_omics_datasets.csv,96,https://www.ncbi.nlm.nih.gov/bioproject/PRJNA103213
docs\data\ibd_omics_datasets.csv,97,https://www.ncbi.nlm.nih.gov/geo/query/acc.cgi?acc=GSE100833
docs\data\ibd_omics_datasets.csv,97,https://doi.org/10.1038/ng.3947
docs\data\ibd_omics_datasets.csv,97,https://pubmed.ncbi.nlm.nih.gov/28892060/
docs\data\ibd_omics_datasets.csv,97,https://pmc.ncbi.nlm.nih.gov/articles/PMC5660607/
docs\data\ibd_omics_datasets.csv,98,https://www.ncbi.nlm.nih.gov/geo/query/acc.cgi?acc=GSE102746
docs\data\ibd_omics_datasets.csv,98,https://pubmed.ncbi.nlm.nih.gov/29983891/
docs\data\ibd_omics_datasets.csv,98,https://ftp.ncbi.nlm.nih.gov/geo/series/GSE102nnn/GSE102746/matrix/GSE102746_series_matrix.txt.gz
docs\data\ibd_omics_datasets.csv,99,https://www.ncbi.nlm.nih.gov/geo/query/acc.cgi?acc=GSE158952
docs\data\ibd_omics_datasets.csv,99,https://pubmed.ncbi.nlm.nih.gov/34301333/
docs\data\ibd_omics_datasets.csv,99,https://ftp.ncbi.nlm.nih.gov/geo/series/GSE158nnn/GSE158952/matrix/GSE158952-GPL16791_series_matrix.txt.gz
docs\data\ibd_omics_datasets.csv,99,https://ftp.ncbi.nlm.nih.gov/geo/series/GSE158nnn/GSE158952/matrix/GSE158952-GPL20301_series_matrix.txt.gz
docs\data\ibd_omics_datasets.csv,100,https://www.ncbi.nlm.nih.gov/geo/query/acc.cgi?acc=GSE72819
docs\data\ibd_omics_datasets.csv,100,https://doi.org/10.1053/j.gastro.2015.10.041
docs\data\ibd_omics_datasets.csv,100,https://pubmed.ncbi.nlm.nih.gov/26522261/
docs\data\ibd_omics_datasets.csv,101,https://www.ncbi.nlm.nih.gov/geo/query/acc.cgi?acc=GSE23597
docs\data\ibd_omics_datasets.csv,101,https://doi.org/10.1038/ajg.2011.83
docs\data\ibd_omics_datasets.csv,101,https://pubmed.ncbi.nlm.nih.gov/21448149/
docs\data\ibd_omics_datasets.csv,101,https://pubmed.ncbi.nlm.nih.gov/31039157/
docs\data\ibd_omics_datasets.csv,102,https://www.ncbi.nlm.nih.gov/geo/query/acc.cgi?acc=GSE207022
docs\data\ibd_omics_datasets.csv,102,https://pubmed.ncbi.nlm.nih.gov/36170836/
docs\data\ibd_omics_datasets.csv,102,https://ftp.ncbi.nlm.nih.gov/geo/series/GSE207nnn/GSE207022/matrix/GSE207022_series_matrix.txt.gz
docs\data\ibd_omics_datasets.csv,103,https://www.ncbi.nlm.nih.gov/geo/query/acc.cgi?acc=GSE53306
docs\data\ibd_omics_datasets.csv,103,https://pubmed.ncbi.nlm.nih.gov/26034135/
docs\data\ibd_omics_datasets.csv,103,https://ftp.ncbi.nlm.nih.gov/geo/series/GSE53nnn/GSE53306/matrix/GSE53306_series_matrix.txt.gz
docs\data\ibd_omics_datasets.csv,104,https://www.ncbi.nlm.nih.gov/geo/query/acc.cgi?acc=GSE207465
docs\data\ibd_omics_datasets.csv,104,https://pubmed.ncbi.nlm.nih.gov/36109152/
docs\data\ibd_omics_datasets.csv,105,https://www.ncbi.nlm.nih.gov/geo/query/acc.cgi?acc=GSE98820
docs\data\ibd_omics_datasets.csv,106,https://www.ncbi.nlm.nih.gov/geo/query/acc.cgi?acc=GSE111761
docs\data\ibd_omics_datasets.csv,106,https://pubmed.ncbi.nlm.nih.gov/29848778/
docs\data\ibd_omics_datasets.csv,107,https://www.ncbi.nlm.nih.gov/geo/query/acc.cgi?acc=GSE261334
docs\data\ibd_omics_datasets.csv,107,https://pubmed.ncbi.nlm.nih.gov/39343250/
docs\data\ibd_omics_datasets.csv,108,https://www.ncbi.nlm.nih.gov/geo/query/acc.cgi?acc=GSE228165
docs\data\ibd_omics_datasets.csv,108,https://pubmed.ncbi.nlm.nih.gov/37235748/
docs\data\ibd_omics_datasets.csv,109,https://www.ncbi.nlm.nih.gov/geo/query/acc.cgi?acc=GSE250487
docs\data\ibd_omics_datasets.csv,109,https://pubmed.ncbi.nlm.nih.gov/38374043/
docs\data\ibd_omics_datasets.csv,109,https://www.ncbi.nlm.nih.gov/geo/query/acc.cgi?acc=GSE250498
docs\data\ibd_omics_datasets.csv,109,https://www.ncbi.nlm.nih.gov/projects/gap/cgi-bin/study.cgi?study_id=phs003502.v1.p1
docs\data\ibd_omics_datasets.csv,109,https://www.nature.com/articles/s41467-024-45665-6
docs\data\ibd_omics_datasets.csv,110,https://www.ncbi.nlm.nih.gov/geo/query/acc.cgi?acc=GSE250488
docs\data\ibd_omics_datasets.csv,110,https://pubmed.ncbi.nlm.nih.gov/38374043/
docs\data\ibd_omics_datasets.csv,110,https://www.ncbi.nlm.nih.gov/projects/gap/cgi-bin/study.cgi?study_id=phs003502.v1.p1
docs\data\ibd_omics_datasets.csv,110,https://www.nature.com/articles/s41467-024-45665-6
docs\data\ibd_omics_datasets.csv,111,https://www.ncbi.nlm.nih.gov/geo/query/acc.cgi?acc=GSE250490
docs\data\ibd_omics_datasets.csv,111,https://pubmed.ncbi.nlm.nih.gov/38374043/
docs\data\ibd_omics_datasets.csv,111,https://www.ncbi.nlm.nih.gov/projects/gap/cgi-bin/study.cgi?study_id=phs003502.v1.p1
docs\data\ibd_omics_datasets.csv,111,https://www.nature.com/articles/s41467-024-45665-6
docs\data\ibd_omics_datasets.csv,112,https://ega-archive.org/studies/EGAS50000000140
docs\data\ibd_omics_datasets.csv,112,https://ega-archive.org/datasets/EGAD50000000198
docs\data\ibd_omics_datasets.csv,113,https://www.ncbi.nlm.nih.gov/geo/query/acc.cgi?acc=GSE312415
docs\data\ibd_omics_datasets.csv,113,https://www.nature.com/articles/s41467-026-72482-w
docs\data\ibd_omics_datasets.csv,113,https://www.ncbi.nlm.nih.gov/geo/query/acc.cgi?acc=GPL33484
docs\data\ibd_omics_datasets.csv,113,https://www.ncbi.nlm.nih.gov/bioproject/PRJNA1373285
docs\data\ibd_omics_datasets.csv,114,https://www.ncbi.nlm.nih.gov/geo/query/acc.cgi?acc=GSE312420
docs\data\ibd_omics_datasets.csv,114,https://www.nature.com/articles/s41467-026-72482-w
docs\data\ibd_omics_datasets.csv,114,https://www.ncbi.nlm.nih.gov/bioproject/PRJNA1373279
docs\data\ibd_omics_datasets.csv,115,https://www.ncbi.nlm.nih.gov/bioproject/PRJEB18471
docs\data\ibd_omics_datasets.csv,115,https://www.nature.com/articles/nmicrobiol20174
docs\data\ibd_omics_datasets.csv,115,https://www.ebi.ac.uk/ena/browser/view/PRJEB18471
docs\data\ibd_omics_datasets.csv,115,https://pubmed.ncbi.nlm.nih.gov/28191884/
docs\data\ibd_omics_datasets.csv,116,https://www.ncbi.nlm.nih.gov/geo/query/acc.cgi?acc=GSE112611
docs\data\ibd_omics_datasets.csv,116,https://pubmed.ncbi.nlm.nih.gov/30779925/
docs\data\ibd_omics_datasets.csv,117,https://www.metabolomicsworkbench.org/data/DRCCMetadata.php?Mode=Study&StudyID=ST003312
docs\data\ibd_omics_datasets.csv,117,https://pubmed.ncbi.nlm.nih.gov/40650893/
docs\data\ibd_omics_datasets.csv,117,https://www.metabolomicsworkbench.org/data/DRCCMetadata.php?Mode=Study&StudyID=ST003313
docs\data\integrated_resources.csv,2,https://scibd.cn/
docs\data\integrated_resources.csv,2,https://www.nature.com/articles/s43588-023-00464-9
docs\data\integrated_resources.csv,3,https://www.gutcellatlas.org/
docs\data\integrated_resources.csv,3,https://pmc.ncbi.nlm.nih.gov/articles/PMC11578898/
docs\data\integrated_resources.csv,4,https://cellxgene.cziscience.com/collections
docs\data\integrated_resources.csv,4,https://cellxgene.cziscience.com/collections/7c7bd6c2-925b-4034-baab-620ef1b760e1
docs\data\integrated_resources.csv,4,https://cellxgene.cziscience.com/collections/33d19f34-87f5-455b-8ca5-9023a2e5453d
docs\data\integrated_resources.csv,4,https://cellxgene.cziscience.com/collections/5c868b6f-62c5-4532-9d7f-a346ad4b50a7
docs\data\integrated_resources.csv,5,https://explore.data.humancellatlas.org/
docs\data\integrated_resources.csv,5,https://explore.data.humancellatlas.org/projects/cd61771b-661a-4e19-b269-6e5d95350de6
docs\data\integrated_resources.csv,6,https://abbviegrc.shinyapps.io/ibdtransdb/
docs\data\integrated_resources.csv,6,https://pmc.ncbi.nlm.nih.gov/articles/PMC10986744/
docs\data\integrated_resources.csv,6,https://github.com/abbviegrc/IBDTransDB
docs\data\integrated_resources.csv,7,https://www.crohnscolitisfoundation.org/research/signature-foundation-programs/ibd-plexus
docs\data\integrated_resources.csv,8,https://www.ibdgc.org/research/resources
docs\data\integrated_resources.csv,8,https://pubmed.ncbi.nlm.nih.gov/26192919/
docs\data\integrated_resources.csv,9,https://www.ebi.ac.uk/gwas/efotraits/EFO_0003767
docs\data\integrated_resources.csv,10,https://genetics.opentargets.org
docs\data\integrated_resources.csv,10,https://pubmed.ncbi.nlm.nih.gov/33045747/
docs\data\integrated_resources.csv,11,https://r10.finngen.fi
docs\data\integrated_resources.csv,11,https://pan.ukbb.broadinstitute.org
docs\data\integrated_resources.csv,11,https://r10.risteys.finngen.fi/endpoints/K11_IBD_STRICT
docs\data\integrated_resources.csv,11,https://pan.ukbb.broadinstitute.org/docs/study-design/index.html
docs\data\resource_coverage.csv,2,https://www.ncbi.nlm.nih.gov/geo/query/acc.cgi?acc=GSE134809
docs\data\resource_coverage.csv,2,https://github.com/niehu-szbl/scIBD_website_code
docs\data\resource_coverage.csv,3,https://www.ncbi.nlm.nih.gov/geo/query/acc.cgi?acc=GSE125527
docs\data\resource_coverage.csv,3,https://github.com/niehu-szbl/scIBD_website_code
docs\data\resource_coverage.csv,4,https://www.ncbi.nlm.nih.gov/geo/query/acc.cgi?acc=GSE116222
docs\data\resource_coverage.csv,4,https://github.com/niehu-szbl/scIBD_website_code
docs\data\resource_coverage.csv,5,https://www.ncbi.nlm.nih.gov/geo/query/acc.cgi?acc=GSE114374
docs\data\resource_coverage.csv,5,https://github.com/niehu-szbl/scIBD_website_code
docs\data\resource_coverage.csv,6,https://www.ncbi.nlm.nih.gov/geo/query/acc.cgi?acc=GSE148837
docs\data\resource_coverage.csv,6,https://github.com/niehu-szbl/scIBD_website_code
docs\data\resource_coverage.csv,7,https://singlecell.broadinstitute.org/single_cell/study/SCP259
docs\data\resource_coverage.csv,7,https://github.com/niehu-szbl/scIBD_website_code
docs\data\resource_coverage.csv,8,https://www.ncbi.nlm.nih.gov/geo/query/acc.cgi?acc=GSE157477
docs\data\resource_coverage.csv,8,https://github.com/niehu-szbl/scIBD_website_code
docs\data\resource_coverage.csv,9,https://www.immport.org/shared/study/SDY1765
docs\data\resource_coverage.csv,9,https://github.com/niehu-szbl/scIBD_website_code
docs\data\resource_coverage.csv,10,https://www.ncbi.nlm.nih.gov/geo/query/acc.cgi?acc=GSE121380
docs\data\resource_coverage.csv,10,https://www.nature.com/articles/s43588-023-00464-9
docs\data\resource_coverage.csv,11,https://www.ncbi.nlm.nih.gov/geo/query/acc.cgi?acc=GSE158702
docs\data\resource_coverage.csv,11,https://github.com/niehu-szbl/scIBD_website_code
docs\data\resource_coverage.csv,12,https://www.ebi.ac.uk/ena/browser/view/E-MTAB-8901
docs\data\resource_coverage.csv,12,https://github.com/niehu-szbl/scIBD_website_code
docs\data\resource_coverage.csv,13,https://www.ebi.ac.uk/ena/browser/view/E-MTAB-9543
docs\data\resource_coverage.csv,13,https://github.com/niehu-szbl/scIBD_website_code
docs\data\resource_coverage.csv,14,https://www.ebi.ac.uk/ena/browser/view/E-MTAB-9536
docs\data\resource_coverage.csv,14,https://github.com/niehu-szbl/scIBD_website_code
docs\data\resource_coverage.csv,15,https://www.nature.com/articles/s43588-023-00464-9
docs\data\resource_coverage.csv,16,https://www.ncbi.nlm.nih.gov/geo/query/acc.cgi?acc=GSE134809
docs\data\resource_coverage.csv,16,https://pmc.ncbi.nlm.nih.gov/articles/PMC11578898/
docs\data\resource_coverage.csv,17,https://www.ncbi.nlm.nih.gov/geo/query/acc.cgi?acc=GSE116222
docs\data\resource_coverage.csv,17,https://pmc.ncbi.nlm.nih.gov/articles/PMC11578898/
docs\data\resource_coverage.csv,18,https://www.ncbi.nlm.nih.gov/geo/query/acc.cgi?acc=GSE114374
docs\data\resource_coverage.csv,18,https://pmc.ncbi.nlm.nih.gov/articles/PMC11578898/
docs\data\resource_coverage.csv,19,https://www.ncbi.nlm.nih.gov/geo/query/acc.cgi?acc=GSE157477
docs\data\resource_coverage.csv,19,https://pmc.ncbi.nlm.nih.gov/articles/PMC11578898/
docs\data\resource_coverage.csv,20,https://www.ncbi.nlm.nih.gov/geo/query/acc.cgi?acc=GSE121380
docs\data\resource_coverage.csv,20,https://pmc.ncbi.nlm.nih.gov/articles/PMC11578898/
docs\data\resource_coverage.csv,21,https://pmc.ncbi.nlm.nih.gov/articles/PMC11578898/
docs\data\resource_coverage.csv,22,https://pmc.ncbi.nlm.nih.gov/articles/PMC11578898/
docs\data\resource_coverage.csv,23,https://pmc.ncbi.nlm.nih.gov/articles/PMC11578898/
docs\data\resource_coverage.csv,24,https://pmc.ncbi.nlm.nih.gov/articles/PMC11578898/
docs\data\resource_coverage.csv,25,https://www.ebi.ac.uk/ena/browser/view/E-MTAB-9543
docs\data\resource_coverage.csv,25,https://pmc.ncbi.nlm.nih.gov/articles/PMC11578898/
docs\data\resource_coverage.csv,26,https://www.ebi.ac.uk/ena/browser/view/E-MTAB-9536
docs\data\resource_coverage.csv,26,https://pmc.ncbi.nlm.nih.gov/articles/PMC11578898/
docs\data\resource_coverage.csv,27,https://www.ebi.ac.uk/ena/browser/view/E-MTAB-8901
docs\data\resource_coverage.csv,27,https://pmc.ncbi.nlm.nih.gov/articles/PMC11578898/
docs\data\resource_coverage.csv,28,https://pmc.ncbi.nlm.nih.gov/articles/PMC11578898/
docs\data\resource_coverage.csv,29,https://pmc.ncbi.nlm.nih.gov/articles/PMC11578898/
docs\data\resource_coverage.csv,30,https://pmc.ncbi.nlm.nih.gov/articles/PMC11578898/
docs\data\resource_coverage.csv,31,https://pmc.ncbi.nlm.nih.gov/articles/PMC11578898/
docs\data\resource_coverage.csv,32,https://pmc.ncbi.nlm.nih.gov/articles/PMC11578898/
docs\data\resource_coverage.csv,33,https://pmc.ncbi.nlm.nih.gov/articles/PMC11578898/
docs\data\resource_coverage.csv,34,https://pmc.ncbi.nlm.nih.gov/articles/PMC11578898/
docs\data\resource_coverage.csv,35,https://pmc.ncbi.nlm.nih.gov/articles/PMC11578898/
docs\data\resource_coverage.csv,36,https://ega-archive.org/studies/EGAS00001003779
docs\data\resource_coverage.csv,36,https://pmc.ncbi.nlm.nih.gov/articles/PMC11578898/
docs\data\resource_coverage.csv,37,https://pmc.ncbi.nlm.nih.gov/articles/PMC11578898/
docs\data\resource_coverage.csv,38,https://pmc.ncbi.nlm.nih.gov/articles/PMC11578898/
docs\data\resource_coverage.csv,39,https://pmc.ncbi.nlm.nih.gov/articles/PMC11578898/
docs\data\resource_coverage.csv,40,https://pmc.ncbi.nlm.nih.gov/articles/PMC11578898/
docs\data\resource_coverage.csv,41,https://pmc.ncbi.nlm.nih.gov/articles/PMC11578898/
docs\data\resource_coverage.csv,42,https://pmc.ncbi.nlm.nih.gov/articles/PMC11578898/
docs\data\resource_coverage.csv,43,https://pmc.ncbi.nlm.nih.gov/articles/PMC11578898/
docs\data\resource_coverage.csv,44,https://pmc.ncbi.nlm.nih.gov/articles/PMC11578898/
docs\data\resource_coverage.csv,45,https://pmc.ncbi.nlm.nih.gov/articles/PMC11578898/
docs\data\resource_coverage.csv,46,https://pmc.ncbi.nlm.nih.gov/articles/PMC11578898/
docs\data\resource_coverage.csv,47,https://pmc.ncbi.nlm.nih.gov/articles/PMC11578898/
docs\data\resource_coverage.csv,48,https://pmc.ncbi.nlm.nih.gov/articles/PMC11578898/
docs\data\resource_coverage.csv,49,https://www.ncbi.nlm.nih.gov/geo/query/acc.cgi?acc=GSE182270
docs\data\resource_coverage.csv,50,https://www.ncbi.nlm.nih.gov/geo/query/acc.cgi?acc=GSE156044
docs\data\resource_coverage.csv,51,https://www.ncbi.nlm.nih.gov/geo/query/acc.cgi?acc=GSE117875
docs\data\resource_coverage.csv,52,https://www.ncbi.nlm.nih.gov/geo/query/acc.cgi?acc=GSE102746
docs\data\resource_coverage.csv,53,https://www.ncbi.nlm.nih.gov/geo/query/acc.cgi?acc=GSE158952
docs\data\resource_coverage.csv,54,https://www.ncbi.nlm.nih.gov/geo/query/acc.cgi?acc=GSE160925
docs\data\resource_coverage.csv,55,https://www.ncbi.nlm.nih.gov/geo/query/acc.cgi?acc=GSE95437
docs\data\resource_coverage.csv,56,https://www.ncbi.nlm.nih.gov/geo/query/acc.cgi?acc=GSE73661
docs\data\resource_coverage.csv,57,https://www.ebi.ac.uk/ena/browser/view/E-MTAB-7604
docs\data\resource_coverage.csv,58,https://www.ebi.ac.uk/ena/browser/view/E-MTAB-9731
docs\data\resource_coverage.csv,59,https://www.ncbi.nlm.nih.gov/geo/query/acc.cgi?acc=GSE164871
docs\data\resource_coverage.csv,60,https://www.ncbi.nlm.nih.gov/geo/query/acc.cgi?acc=GSE171244
docs\data\resource_coverage.csv,61,https://www.ncbi.nlm.nih.gov/geo/query/acc.cgi?acc=GSE212849
docs\data\resource_coverage.csv,62,https://www.ebi.ac.uk/ena/browser/view/E-MTAB-7845
docs\data\resource_coverage.csv,63,https://www.ncbi.nlm.nih.gov/geo/query/acc.cgi?acc=GSE161031
docs\data\resource_coverage.csv,64,https://www.ncbi.nlm.nih.gov/geo/query/acc.cgi?acc=GSE107865
docs\data\resource_coverage.csv,65,https://www.ncbi.nlm.nih.gov/geo/query/acc.cgi?acc=GSE59071
docs\data\resource_coverage.csv,66,https://www.ncbi.nlm.nih.gov/geo/query/acc.cgi?acc=GSE16879
docs\data\resource_coverage.csv,67,https://www.ncbi.nlm.nih.gov/geo/query/acc.cgi?acc=GSE66207
docs\data\resource_coverage.csv,68,https://www.ncbi.nlm.nih.gov/geo/query/acc.cgi?acc=GSE67250
docs\data\resource_coverage.csv,69,https://www.ncbi.nlm.nih.gov/geo/query/acc.cgi?acc=GSE69446
docs\data\resource_coverage.csv,70,https://www.ncbi.nlm.nih.gov/geo/query/acc.cgi?acc=GSE83381
docs\data\resource_coverage.csv,71,https://www.ncbi.nlm.nih.gov/geo/query/acc.cgi?acc=GSE135223
docs\data\resource_coverage.csv,72,https://www.ncbi.nlm.nih.gov/geo/query/acc.cgi?acc=GSE72819
docs\data\resource_coverage.csv,73,https://www.ncbi.nlm.nih.gov/geo/query/acc.cgi?acc=GSE52746
docs\data\resource_coverage.csv,74,https://www.ncbi.nlm.nih.gov/geo/query/acc.cgi?acc=GSE23597
docs\data\resource_coverage.csv,75,https://www.ncbi.nlm.nih.gov/geo/query/acc.cgi?acc=GSE152316
docs\data\resource_coverage.csv,76,https://www.ncbi.nlm.nih.gov/geo/query/acc.cgi?acc=GSE207022
docs\data\resource_coverage.csv,77,https://www.ncbi.nlm.nih.gov/geo/query/acc.cgi?acc=GSE206285
docs\data\resource_coverage.csv,78,https://www.ncbi.nlm.nih.gov/geo/query/acc.cgi?acc=GSE53306
docs\data\resource_coverage.csv,79,https://www.ncbi.nlm.nih.gov/geo/query/acc.cgi?acc=GSE9452
docs\data\resource_coverage.csv,80,https://www.ncbi.nlm.nih.gov/geo/query/acc.cgi?acc=GSE12251
docs\data\resource_coverage.csv,81,https://www.ncbi.nlm.nih.gov/geo/query/acc.cgi?acc=GSE100833
docs\data\resource_coverage.csv,82,https://www.ncbi.nlm.nih.gov/geo/query/acc.cgi?acc=GSE83687
docs\data\resource_coverage.csv,83,https://cellxgene.cziscience.com/collections/7c7bd6c2-925b-4034-baab-620ef1b760e1
docs\data\resource_coverage.csv,83,https://www.ncbi.nlm.nih.gov/geo/query/acc.cgi?acc=GSE214695
docs\data\resource_coverage.csv,84,https://cellxgene.cziscience.com/collections/33d19f34-87f5-455b-8ca5-9023a2e5453d
docs\data\resource_coverage.csv,84,https://singlecell.broadinstitute.org/single_cell/study/SCP259
docs\data\resource_coverage.csv,85,https://explore.data.humancellatlas.org/projects/cd61771b-661a-4e19-b269-6e5d95350de6
docs\data\resource_coverage.csv,85,https://singlecell.broadinstitute.org/single_cell/study/SCP259
docs\data\resource_coverage.csv,86,https://cellxgene.cziscience.com/collections/5c868b6f-62c5-4532-9d7f-a346ad4b50a7
docs\data\resource_coverage.csv,86,https://singlecell.broadinstitute.org/single_cell/study/SCP1884
docs\datasets.html,2,http://www.w3.org/1999/xhtml
docs\datasets.html,14,https://pandoc.org/MANUAL.html#variables-for-html
docs\datasets.html,24,https://github.com/quarto-dev/quarto-cli/issues/4556
docs\index.html,2,http://www.w3.org/1999/xhtml
docs\index.html,14,https://pandoc.org/MANUAL.html#variables-for-html
docs\index.html,24,https://github.com/quarto-dev/quarto-cli/issues/4556
docs\integrated-resources.html,2,http://www.w3.org/1999/xhtml
docs\integrated-resources.html,14,https://pandoc.org/MANUAL.html#variables-for-html
docs\integrated-resources.html,24,https://github.com/quarto-dev/quarto-cli/issues/4556
docs\omics-layers.html,2,http://www.w3.org/1999/xhtml
docs\omics-layers.html,14,https://pandoc.org/MANUAL.html#variables-for-html
docs\omics-layers.html,24,https://github.com/quarto-dev/quarto-cli/issues/4556
docs\orchestrator.html,2,http://www.w3.org/1999/xhtml
docs\orchestrator.html,14,https://pandoc.org/MANUAL.html#variables-for-html
docs\orchestrator.html,24,https://github.com/quarto-dev/quarto-cli/issues/4556
docs\repositories.html,2,http://www.w3.org/1999/xhtml
docs\repositories.html,14,https://pandoc.org/MANUAL.html#variables-for-html
docs\repositories.html,24,https://github.com/quarto-dev/quarto-cli/issues/4556
docs\repositories.html,248,https://www.ncbi.nlm.nih.gov/geo/
docs\repositories.html,277,https://www.ncbi.nlm.nih.gov/sra/
docs\repositories.html,306,https://www.re3data.org/repository/r3d100012627
docs\repositories.html,338,https://cellxgene.cziscience.com/
docs\repositories.html,367,https://www.humancellatlas.org/
docs\repositories.html,399,https://ibdmdb.org/
docs\repositories.html,431,https://www.ebi.ac.uk/pride/
docs\repositories.html,460,https://massive.ucsd.edu/
docs\repositories.html,492,https://www.metabolomicsworkbench.org/
docs\repositories.html,524,https://www.ncbi.nlm.nih.gov/gap/
docs\repositories.html,556,https://www.ebi.ac.uk/gwas/
docs\repositories.html,585,https://www.ibdgenetics.org/
docs\repositories.html,614,https://genetics.opentargets.org/
docs\repositories.html,643,https://r10.finngen.fi/
docs\sitemap.xml,2,http://www.sitemaps.org/schemas/sitemap/0.9
docs\sitemap.xml,4,https://dahhamalsoud.github.io/ibd-omics-explorer/verification-queue.html
docs\sitemap.xml,8,https://dahhamalsoud.github.io/ibd-omics-explorer/repositories.html
docs\sitemap.xml,12,https://dahhamalsoud.github.io/ibd-omics-explorer/omics-layers.html
docs\sitemap.xml,16,https://dahhamalsoud.github.io/ibd-omics-explorer/index.html
docs\sitemap.xml,20,https://dahhamalsoud.github.io/ibd-omics-explorer/curation-methods.html
docs\sitemap.xml,24,https://dahhamalsoud.github.io/ibd-omics-explorer/about.html
docs\sitemap.xml,28,https://dahhamalsoud.github.io/ibd-omics-explorer/datasets.html
docs\sitemap.xml,32,https://dahhamalsoud.github.io/ibd-omics-explorer/integrated-resources.html
docs\sitemap.xml,36,https://dahhamalsoud.github.io/ibd-omics-explorer/orchestrator.html
docs\sitemap.xml,40,https://dahhamalsoud.github.io/ibd-omics-explorer/use-cases.html
docs\styles.css,2,https://fonts.googleapis.com/css2?family=Public+Sans:wght@300
docs\use-cases.html,2,http://www.w3.org/1999/xhtml
docs\use-cases.html,14,https://pandoc.org/MANUAL.html#variables-for-html
docs\use-cases.html,24,https://github.com/quarto-dev/quarto-cli/issues/4556
docs\verification-queue.html,2,http://www.w3.org/1999/xhtml
docs\verification-queue.html,14,https://pandoc.org/MANUAL.html#variables-for-html
docs\verification-queue.html,24,https://github.com/quarto-dev/quarto-cli/issues/4556
repositories.qmd,22,https://www.ncbi.nlm.nih.gov/geo/
repositories.qmd,36,https://www.ncbi.nlm.nih.gov/sra/
repositories.qmd,50,https://www.re3data.org/repository/r3d100012627
repositories.qmd,66,https://cellxgene.cziscience.com/
repositories.qmd,80,https://www.humancellatlas.org/
repositories.qmd,96,https://ibdmdb.org/
repositories.qmd,112,https://www.ebi.ac.uk/pride/
repositories.qmd,126,https://massive.ucsd.edu/
repositories.qmd,142,https://www.metabolomicsworkbench.org/
repositories.qmd,158,https://www.ncbi.nlm.nih.gov/gap/
repositories.qmd,174,https://www.ebi.ac.uk/gwas/
repositories.qmd,188,https://www.ibdgenetics.org/
repositories.qmd,202,https://genetics.opentargets.org/
repositories.qmd,216,https://r10.finngen.fi/
repositories.qmd,216,https://biobank.ndph.ox.ac.uk/ukb/
styles.css,2,https://fonts.googleapis.com/css2?family=Public+Sans:wght@300
