"source","context","url"
"docs/about.html","html","./about.html"
"docs/curation-methods.html","html","./about.html"
"docs/datasets.html","html","./about.html"
"docs/index.html","html","./about.html"
"docs/integrated-resources.html","html","./about.html"
"docs/omics-layers.html","html","./about.html"
"docs/orchestrator.html","html","./about.html"
"docs/repositories.html","html","./about.html"
"docs/use-cases.html","html","./about.html"
"docs/verification-queue.html","html","./about.html"
"docs/about.html","html","./curation-methods.html"
"docs/curation-methods.html","html","./curation-methods.html"
"docs/datasets.html","html","./curation-methods.html"
"docs/index.html","html","./curation-methods.html"
"docs/integrated-resources.html","html","./curation-methods.html"
"docs/omics-layers.html","html","./curation-methods.html"
"docs/orchestrator.html","html","./curation-methods.html"
"docs/repositories.html","html","./curation-methods.html"
"docs/use-cases.html","html","./curation-methods.html"
"docs/verification-queue.html","html","./curation-methods.html"
"docs/about.html","html","./datasets.html"
"docs/curation-methods.html","html","./datasets.html"
"docs/datasets.html","html","./datasets.html"
"docs/index.html","html","./datasets.html"
"docs/integrated-resources.html","html","./datasets.html"
"docs/omics-layers.html","html","./datasets.html"
"docs/orchestrator.html","html","./datasets.html"
"docs/repositories.html","html","./datasets.html"
"docs/use-cases.html","html","./datasets.html"
"docs/verification-queue.html","html","./datasets.html"
"docs/about.html","html","./index.html"
"docs/curation-methods.html","html","./index.html"
"docs/datasets.html","html","./index.html"
"docs/index.html","html","./index.html"
"docs/integrated-resources.html","html","./index.html"
"docs/omics-layers.html","html","./index.html"
"docs/orchestrator.html","html","./index.html"
"docs/repositories.html","html","./index.html"
"docs/use-cases.html","html","./index.html"
"docs/verification-queue.html","html","./index.html"
"docs/about.html","html","./integrated-resources.html"
"docs/curation-methods.html","html","./integrated-resources.html"
"docs/datasets.html","html","./integrated-resources.html"
"docs/index.html","html","./integrated-resources.html"
"docs/integrated-resources.html","html","./integrated-resources.html"
"docs/omics-layers.html","html","./integrated-resources.html"
"docs/orchestrator.html","html","./integrated-resources.html"
"docs/repositories.html","html","./integrated-resources.html"
"docs/use-cases.html","html","./integrated-resources.html"
"docs/verification-queue.html","html","./integrated-resources.html"
"docs/about.html","html","./omics-layers.html"
"docs/curation-methods.html","html","./omics-layers.html"
"docs/datasets.html","html","./omics-layers.html"
"docs/index.html","html","./omics-layers.html"
"docs/integrated-resources.html","html","./omics-layers.html"
"docs/omics-layers.html","html","./omics-layers.html"
"docs/orchestrator.html","html","./omics-layers.html"
"docs/repositories.html","html","./omics-layers.html"
"docs/use-cases.html","html","./omics-layers.html"
"docs/verification-queue.html","html","./omics-layers.html"
"docs/index.html","html","./omics-layers.html#bulk-transcriptomics"
"docs/index.html","html","./omics-layers.html#genetics"
"docs/index.html","html","./omics-layers.html#metabolomics"
"docs/index.html","html","./omics-layers.html#methylation"
"docs/index.html","html","./omics-layers.html#microbiome"
"docs/index.html","html","./omics-layers.html#proteomics"
"docs/index.html","html","./omics-layers.html#single-cell-transcriptomics"
"docs/index.html","html","./omics-layers.html#spatial-transcriptomics"
"docs/about.html","html","./orchestrator.html"
"docs/curation-methods.html","html","./orchestrator.html"
"docs/datasets.html","html","./orchestrator.html"
"docs/index.html","html","./orchestrator.html"
"docs/integrated-resources.html","html","./orchestrator.html"
"docs/omics-layers.html","html","./orchestrator.html"
"docs/orchestrator.html","html","./orchestrator.html"
"docs/repositories.html","html","./orchestrator.html"
"docs/use-cases.html","html","./orchestrator.html"
"docs/verification-queue.html","html","./orchestrator.html"
"docs/about.html","html","./repositories.html"
"docs/curation-methods.html","html","./repositories.html"
"docs/datasets.html","html","./repositories.html"
"docs/index.html","html","./repositories.html"
"docs/integrated-resources.html","html","./repositories.html"
"docs/omics-layers.html","html","./repositories.html"
"docs/orchestrator.html","html","./repositories.html"
"docs/repositories.html","html","./repositories.html"
"docs/use-cases.html","html","./repositories.html"
"docs/verification-queue.html","html","./repositories.html"
"docs/about.html","html","./use-cases.html"
"docs/curation-methods.html","html","./use-cases.html"
"docs/datasets.html","html","./use-cases.html"
"docs/index.html","html","./use-cases.html"
"docs/integrated-resources.html","html","./use-cases.html"
"docs/omics-layers.html","html","./use-cases.html"
"docs/orchestrator.html","html","./use-cases.html"
"docs/repositories.html","html","./use-cases.html"
"docs/use-cases.html","html","./use-cases.html"
"docs/verification-queue.html","html","./use-cases.html"
"docs/about.html","html","./verification-queue.html"
"docs/curation-methods.html","html","./verification-queue.html"
"docs/datasets.html","html","./verification-queue.html"
"docs/index.html","html","./verification-queue.html"
"docs/integrated-resources.html","html","./verification-queue.html"
"docs/omics-layers.html","html","./verification-queue.html"
"docs/orchestrator.html","html","./verification-queue.html"
"docs/repositories.html","html","./verification-queue.html"
"docs/use-cases.html","html","./verification-queue.html"
"docs/verification-queue.html","html","./verification-queue.html"
"docs/curation-methods.html","html","data/cohort_overlap_audit.csv"
"docs/curation-methods.html","html","data/ibd200_overlap_review.csv"
"docs/curation-methods.html","html","data/protect_overlap_review.csv"
"docs/curation-methods.html","html","data/risk_overlap_review.csv"
"docs/curation-methods.html","html","data/therapeutic_overlap_review.csv"
"docs/curation-methods.html","html","data/verification/cohort_counting_qa_report.csv"
"docs/curation-methods.html","html","data/verification/ds035_gwas_countability_policy_review.csv"
"docs/curation-methods.html","html","data/verification/ds061_ds088_infliximab_crosswalk.csv"
"docs/curation-methods.html","html","data/verification/protect_methylation_crosswalk.csv"
"docs/curation-methods.html","html","data/verification/remaining_unclear_consistency_audit.csv"
"docs/curation-methods.html","html","data/verification/risk_countability_policy_review.csv"
"docs/curation-methods.html","html","data/verification/sp140_donor_crosswalk.csv"
"docs/curation-methods.html","html","data/verification/study_family_completeness_qa.csv"
"docs/curation-methods.html","html","data/verification/unclear_countability_review_pack.csv"
"data/integrated_resources.csv","IR005:access_url","https://abbviegrc.shinyapps.io/ibdtransdb/"
"data/integrated_resources.csv","IR009:evidence_url","https://academic.oup.com/nar/article/49/D1/D1311/5921290"
"docs/curation-methods.html","html","https://cellxgene.cziscience.com/"
"docs/repositories.html","html","https://cellxgene.cziscience.com/"
"data/integrated_resources.csv","IR003:access_url","https://cellxgene.cziscience.com/collections"
"data/integrated_resources.csv","IR003:evidence_url","https://cellxgene.cziscience.com/collections"
"data/ibd_omics_datasets.csv","DS073:evidence_url","https://cellxgene.cziscience.com/collections/33d19f34-87f5-455b-8ca5-9023a2e5453d"
"data/integrated_resources.csv","IR003:evidence_url","https://cellxgene.cziscience.com/collections/33d19f34-87f5-455b-8ca5-9023a2e5453d"
"data/resource_coverage.csv","DS073:evidence_url","https://cellxgene.cziscience.com/collections/33d19f34-87f5-455b-8ca5-9023a2e5453d"
"data/ibd_omics_datasets.csv","DS078:evidence_url","https://cellxgene.cziscience.com/collections/5c868b6f-62c5-4532-9d7f-a346ad4b50a7"
"data/integrated_resources.csv","IR003:evidence_url","https://cellxgene.cziscience.com/collections/5c868b6f-62c5-4532-9d7f-a346ad4b50a7"
"data/resource_coverage.csv","DS078:evidence_url","https://cellxgene.cziscience.com/collections/5c868b6f-62c5-4532-9d7f-a346ad4b50a7"
"data/ibd_omics_datasets.csv","DS017:evidence_url","https://cellxgene.cziscience.com/collections/7c7bd6c2-925b-4034-baab-620ef1b760e1"
"data/integrated_resources.csv","IR003:evidence_url","https://cellxgene.cziscience.com/collections/7c7bd6c2-925b-4034-baab-620ef1b760e1"
"data/resource_coverage.csv","DS017:evidence_url","https://cellxgene.cziscience.com/collections/7c7bd6c2-925b-4034-baab-620ef1b760e1"
"data/ibd_omics_datasets.csv","DS042:evidence_url","https://clinicalepigeneticsjournal.biomedcentral.com/articles/10.1186/s13148-023-01462-4"
"data/ibd_omics_datasets.csv","DS035:evidence_url","https://dbgap.ncbi.nlm.nih.gov/aa/wga.cgi?stacc=phs002336.v1.p1&view_pdf="
"data/ibd_omics_datasets.csv","DS023:evidence_url","https://doi.org/10.1002/prca.202300075"
"data/ibd_omics_datasets.csv","DS023:publication_url","https://doi.org/10.1002/prca.202300075"
"data/ibd_omics_datasets.csv","DS071:evidence_url","https://doi.org/10.1016/j.cell.2018.08.067"
"data/ibd_omics_datasets.csv","DS071:publication_url","https://doi.org/10.1016/j.cell.2018.08.067"
"data/ibd_omics_datasets.csv","DS073:evidence_url","https://doi.org/10.1016/j.cell.2019.06.029"
"data/ibd_omics_datasets.csv","DS073:publication_url","https://doi.org/10.1016/j.cell.2019.06.029"
"data/ibd_omics_datasets.csv","DS020:evidence_url","https://doi.org/10.1016/j.cell.2019.08.008"
"data/ibd_omics_datasets.csv","DS020:publication_url","https://doi.org/10.1016/j.cell.2019.08.008"
"data/ibd_omics_datasets.csv","DS076:evidence_url","https://doi.org/10.1016/j.cell.2019.10.027"
"data/ibd_omics_datasets.csv","DS076:publication_url","https://doi.org/10.1016/j.cell.2019.10.027"
"data/ibd_omics_datasets.csv","DS095:publication_url","https://doi.org/10.1016/j.cell.2022.06.048"
"data/ibd_omics_datasets.csv","DS027:evidence_url","https://doi.org/10.1016/j.chom.2023.12.013"
"data/ibd_omics_datasets.csv","DS027:publication_url","https://doi.org/10.1016/j.chom.2023.12.013"
"data/ibd_omics_datasets.csv","DS057:publication_url","https://doi.org/10.1016/j.chom.2023.12.013"
"data/ibd_omics_datasets.csv","DS078:evidence_url","https://doi.org/10.1016/j.immuni.2023.01.002"
"data/ibd_omics_datasets.csv","DS078:publication_url","https://doi.org/10.1016/j.immuni.2023.01.002"
"data/ibd_omics_datasets.csv","DS089:publication_url","https://doi.org/10.1016/j.jcmgh.2021.06.022"
"data/ibd_omics_datasets.csv","DS024:evidence_url","https://doi.org/10.1016/j.jprot.2019.04.009"
"data/ibd_omics_datasets.csv","DS024:publication_url","https://doi.org/10.1016/j.jprot.2019.04.009"
"data/ibd_omics_datasets.csv","DS075:evidence_url","https://doi.org/10.1016/j.medj.2022.05.002"
"data/ibd_omics_datasets.csv","DS075:publication_url","https://doi.org/10.1016/j.medj.2022.05.002"
"data/ibd_omics_datasets.csv","DS085:publication_url","https://doi.org/10.1016/j.xcrm.2021.100381"
"data/ibd_omics_datasets.csv","DS052:evidence_url","https://doi.org/10.1021/acschembio.9b00608"
"data/ibd_omics_datasets.csv","DS052:publication_url","https://doi.org/10.1021/acschembio.9b00608"
"data/ibd_omics_datasets.csv","DS106:publication_url","https://doi.org/10.1038/ajg.2011.83"
"data/ibd_omics_datasets.csv","DS102:publication_url","https://doi.org/10.1038/ng.3947"
"data/ibd_omics_datasets.csv","DS090:publication_url","https://doi.org/10.1038/s41467-018-03766-z"
"data/ibd_omics_datasets.csv","DS074:evidence_url","https://doi.org/10.1038/s41467-021-22164-6"
"data/ibd_omics_datasets.csv","DS074:publication_url","https://doi.org/10.1038/s41467-021-22164-6"
"data/ibd_omics_datasets.csv","DS070:evidence_url","https://doi.org/10.1038/s41586-019-0992-y"
"data/ibd_omics_datasets.csv","DS070:publication_url","https://doi.org/10.1038/s41586-019-0992-y"
"data/ibd_omics_datasets.csv","DS072:evidence_url","https://doi.org/10.1038/s41591-020-1003-4"
"data/ibd_omics_datasets.csv","DS072:publication_url","https://doi.org/10.1038/s41591-020-1003-4"
"data/ibd_omics_datasets.csv","DS077:evidence_url","https://doi.org/10.1038/s41591-022-01680-y"
"data/ibd_omics_datasets.csv","DS077:publication_url","https://doi.org/10.1038/s41591-022-01680-y"
"data/ibd_omics_datasets.csv","DS105:publication_url","https://doi.org/10.1053/j.gastro.2015.10.041"
"data/ibd_omics_datasets.csv","DS050:evidence_url","https://doi.org/10.1074/mcp.M116.066506"
"data/ibd_omics_datasets.csv","DS050:publication_url","https://doi.org/10.1074/mcp.M116.066506"
"data/ibd_omics_datasets.csv","DS053:evidence_url","https://doi.org/10.1093/ecco-jcc/jjad052"
"data/ibd_omics_datasets.csv","DS053:publication_url","https://doi.org/10.1093/ecco-jcc/jjad052"
"data/ibd_omics_datasets.csv","DS051:evidence_url","https://doi.org/10.1093/ecco-jcc/jjz130"
"data/ibd_omics_datasets.csv","DS051:publication_url","https://doi.org/10.1093/ecco-jcc/jjz130"
"data/ibd_omics_datasets.csv","DS021:evidence_url","https://doi.org/10.1093/ibd/izac201"
"data/ibd_omics_datasets.csv","DS021:publication_url","https://doi.org/10.1093/ibd/izac201"
"data/ibd_omics_datasets.csv","DS025:evidence_url","https://doi.org/10.1097/MIB.0000000000000460"
"data/ibd_omics_datasets.csv","DS025:publication_url","https://doi.org/10.1097/MIB.0000000000000460"
"data/ibd_omics_datasets.csv","DS096:publication_url","https://doi.org/10.1097/MIB.0000000000000478"
"data/ibd_omics_datasets.csv","DS086:publication_url","https://doi.org/10.1172/jci.insight.122104"
"data/ibd_omics_datasets.csv","DS026:evidence_url","https://doi.org/10.1186/s40168-022-01331-x"
"data/ibd_omics_datasets.csv","DS026:publication_url","https://doi.org/10.1186/s40168-022-01331-x"
"data/ibd_omics_datasets.csv","DS054:publication_url","https://doi.org/10.3390/ijms25105108"
"data/ibd_omics_datasets.csv","DS117:evidence_url","https://ega-archive.org/datasets/EGAD50000000198"
"data/resource_coverage.csv","EGAS00001003779:evidence_url","https://ega-archive.org/studies/EGAS00001003779"
"data/ibd_omics_datasets.csv","DS117:dataset_url","https://ega-archive.org/studies/EGAS50000000140"
"data/ibd_omics_datasets.csv","DS117:evidence_url","https://ega-archive.org/studies/EGAS50000000140"
"data/ibd_omics_datasets.csv","DS035:evidence_url","https://ega-archive.org/studies/phs002336"
"data/integrated_resources.csv","IR004:access_url","https://explore.data.humancellatlas.org/"
"data/integrated_resources.csv","IR004:evidence_url","https://explore.data.humancellatlas.org/"
"data/ibd_omics_datasets.csv","DS021:dataset_url","https://explore.data.humancellatlas.org/projects/9dd91b6e-7c62-49d3-a3d4-74f603deffdb"
"data/ibd_omics_datasets.csv","DS021:evidence_url","https://explore.data.humancellatlas.org/projects/9dd91b6e-7c62-49d3-a3d4-74f603deffdb"
"data/ibd_omics_datasets.csv","DS073:evidence_url","https://explore.data.humancellatlas.org/projects/cd61771b-661a-4e19-b269-6e5d95350de6"
"data/integrated_resources.csv","IR004:evidence_url","https://explore.data.humancellatlas.org/projects/cd61771b-661a-4e19-b269-6e5d95350de6"
"data/resource_coverage.csv","DS073:evidence_url","https://explore.data.humancellatlas.org/projects/cd61771b-661a-4e19-b269-6e5d95350de6"
"data/ibd_omics_datasets.csv","DS103:evidence_url","https://ftp.ncbi.nlm.nih.gov/geo/series/GSE102nnn/GSE102746/matrix/GSE102746_series_matrix.txt.gz"
"data/ibd_omics_datasets.csv","DS047:evidence_url","https://ftp.ncbi.nlm.nih.gov/geo/series/GSE112nnn/GSE112366/matrix/GSE112366_series_matrix.txt.gz"
"data/ibd_omics_datasets.csv","DS087:evidence_url","https://ftp.ncbi.nlm.nih.gov/geo/series/GSE156nnn/GSE156044/matrix/GSE156044_series_matrix.txt.gz"
"data/ibd_omics_datasets.csv","DS104:evidence_url","https://ftp.ncbi.nlm.nih.gov/geo/series/GSE158nnn/GSE158952/matrix/GSE158952-GPL16791_series_matrix.txt.gz"
"data/ibd_omics_datasets.csv","DS104:evidence_url","https://ftp.ncbi.nlm.nih.gov/geo/series/GSE158nnn/GSE158952/matrix/GSE158952-GPL20301_series_matrix.txt.gz"
"data/ibd_omics_datasets.csv","DS095:evidence_url","https://ftp.ncbi.nlm.nih.gov/geo/series/GSE161nnn/GSE161031/matrix/GSE161031_series_matrix.txt.gz"
"data/ibd_omics_datasets.csv","DS042:evidence_url","https://ftp.ncbi.nlm.nih.gov/geo/series/GSE185nnn/GSE185061/matrix/GSE185061_series_matrix.txt.gz"
"data/ibd_omics_datasets.csv","DS107:evidence_url","https://ftp.ncbi.nlm.nih.gov/geo/series/GSE207nnn/GSE207022/matrix/GSE207022_series_matrix.txt.gz"
"data/ibd_omics_datasets.csv","DS108:evidence_url","https://ftp.ncbi.nlm.nih.gov/geo/series/GSE53nnn/GSE53306/matrix/GSE53306_series_matrix.txt.gz"
"data/ibd_omics_datasets.csv","DS097:evidence_url","https://ftp.ncbi.nlm.nih.gov/geo/series/GSE67nnn/GSE67250/soft/GSE67250_family.soft.gz"
"data/ibd_omics_datasets.csv","DS098:evidence_url","https://ftp.ncbi.nlm.nih.gov/geo/series/GSE69nnn/GSE69446/matrix/GSE69446_series_matrix.txt.gz"
"data/ibd_omics_datasets.csv","DS088:evidence_url","https://ftp.ncbi.nlm.nih.gov/geo/series/GSE73nnn/GSE73661/matrix/GSE73661_series_matrix.txt.gz"
"data/ibd_omics_datasets.csv","DS099:evidence_url","https://ftp.ncbi.nlm.nih.gov/geo/series/GSE83nnn/GSE83381/matrix/GSE83381_series_matrix.txt.gz"
"data/integrated_resources.csv","IR009:access_url","https://genetics.opentargets.org"
"data/integrated_resources.csv","IR009:evidence_url","https://genetics.opentargets.org"
"docs/repositories.html","html","https://genetics.opentargets.org/"
"data/integrated_resources.csv","IR005:evidence_url","https://github.com/abbviegrc/IBDTransDB"
"docs/about.html","html","https://github.com/dahhamalsoud"
"docs/curation-methods.html","html","https://github.com/dahhamalsoud"
"data/ibd_omics_datasets.csv","DS078:evidence_url","https://github.com/LJ-Kong/cd_atlas_single_cell"
"data/resource_coverage.csv","DS020:evidence_url","https://github.com/niehu-szbl/scIBD_website_code"
"data/resource_coverage.csv","DS044:evidence_url","https://github.com/niehu-szbl/scIBD_website_code"
"data/resource_coverage.csv","DS070:evidence_url","https://github.com/niehu-szbl/scIBD_website_code"
"data/resource_coverage.csv","DS071:evidence_url","https://github.com/niehu-szbl/scIBD_website_code"
"data/resource_coverage.csv","DS072:evidence_url","https://github.com/niehu-szbl/scIBD_website_code"
"data/resource_coverage.csv","DS073:evidence_url","https://github.com/niehu-szbl/scIBD_website_code"
"data/resource_coverage.csv","DS074:evidence_url","https://github.com/niehu-szbl/scIBD_website_code"
"data/resource_coverage.csv","DS075:evidence_url","https://github.com/niehu-szbl/scIBD_website_code"
"data/resource_coverage.csv","E-MTAB-8901:evidence_url","https://github.com/niehu-szbl/scIBD_website_code"
"data/resource_coverage.csv","E-MTAB-9536:evidence_url","https://github.com/niehu-szbl/scIBD_website_code"
"data/resource_coverage.csv","E-MTAB-9543:evidence_url","https://github.com/niehu-szbl/scIBD_website_code"
"data/resource_coverage.csv","GSE158702:evidence_url","https://github.com/niehu-szbl/scIBD_website_code"
"data/ibd_omics_datasets.csv","DS001:dataset_url","https://ibdmdb.org"
"docs/curation-methods.html","html","https://ibdmdb.org/"
"docs/repositories.html","html","https://ibdmdb.org/"
"data/ibd_omics_datasets.csv","DS061:evidence_url","https://journals.plos.org/plosone/article?id=10.1371/journal.pone.0007984"
"data/ibd_omics_datasets.csv","DS059:evidence_url","https://link.springer.com/article/10.1186/s40168-022-01331-x"
"data/ibd_omics_datasets.csv","DS059:publication_url","https://link.springer.com/article/10.1186/s40168-022-01331-x"
"docs/curation-methods.html","html","https://massive.ucsd.edu/"
"docs/repositories.html","html","https://massive.ucsd.edu/"
"data/ibd_omics_datasets.csv","DS058:dataset_url","https://massive.ucsd.edu/ProteoSAFe/dataset.jsp?accession=MSV000082094"
"data/ibd_omics_datasets.csv","DS058:evidence_url","https://massive.ucsd.edu/ProteoSAFe/dataset.jsp?accession=MSV000082094"
"data/ibd_omics_datasets.csv","DS059:dataset_url","https://massive.ucsd.edu/ProteoSAFe/dataset.jsp?accession=MSV000084908"
"data/ibd_omics_datasets.csv","DS059:evidence_url","https://massive.ucsd.edu/ProteoSAFe/dataset.jsp?accession=MSV000084908"
"data/ibd_omics_datasets.csv","DS081:dataset_url","https://massive.ucsd.edu/ProteoSAFe/dataset.jsp?accession=MSV000093975"
"data/ibd_omics_datasets.csv","DS023:evidence_url","https://massive.ucsd.edu/ProteoSAFe/dataset.jsp?task=b0d934d3f9fd47e8809eae2bc9b0a144"
"data/ibd_omics_datasets.csv","DS059:evidence_url","https://massive.ucsd.edu/ProteoSAFe/proxi/v0.1/datasets/MSV000084908"
"data/ibd_omics_datasets.csv","DS026:evidence_url","https://massive.ucsd.edu/ProteoSAFe/proxi/v0.1/datasets/MSV000086509"
"data/ibd_omics_datasets.csv","DS026:dataset_url","https://massive.ucsd.edu/ProteoSAFe/QueryMSV?id=MSV000086509"
"data/ibd_omics_datasets.csv","DS081:evidence_url","https://microbiomejournal.biomedcentral.com/articles/10.1186/s40168-024-01927-5"
"data/ibd_omics_datasets.csv","DS081:publication_url","https://microbiomejournal.biomedcentral.com/articles/10.1186/s40168-024-01927-5"
"data/ibd_omics_datasets.csv","DS081:evidence_url","https://microbiomejournal.biomedcentral.com/articles/10.1186/s40168-024-01927-5/tables/1"
"data/integrated_resources.csv","IR010:access_url","https://pan.ukbb.broadinstitute.org"
"data/integrated_resources.csv","IR010:evidence_url","https://pan.ukbb.broadinstitute.org/docs/study-design/index.html"
"docs/curation-methods.html","html","https://platform.opentargets.org/"
"data/ibd_omics_datasets.csv","DS053:evidence_url","https://pmc.ncbi.nlm.nih.gov/articles/PMC10588787/"
"data/integrated_resources.csv","IR005:evidence_url","https://pmc.ncbi.nlm.nih.gov/articles/PMC10986744/"
"data/ibd_omics_datasets.csv","DS054:evidence_url","https://pmc.ncbi.nlm.nih.gov/articles/PMC11121447/"
"data/integrated_resources.csv","IR002:evidence_url","https://pmc.ncbi.nlm.nih.gov/articles/PMC11578898/"
"data/resource_coverage.csv","DS020:evidence_url","https://pmc.ncbi.nlm.nih.gov/articles/PMC11578898/"
"data/resource_coverage.csv","DS070:evidence_url","https://pmc.ncbi.nlm.nih.gov/articles/PMC11578898/"
"data/resource_coverage.csv","DS071:evidence_url","https://pmc.ncbi.nlm.nih.gov/articles/PMC11578898/"
"data/resource_coverage.csv","DS074:evidence_url","https://pmc.ncbi.nlm.nih.gov/articles/PMC11578898/"
"data/resource_coverage.csv","DS076:evidence_url","https://pmc.ncbi.nlm.nih.gov/articles/PMC11578898/"
"data/resource_coverage.csv","DS077:evidence_url","https://pmc.ncbi.nlm.nih.gov/articles/PMC11578898/"
"data/resource_coverage.csv","DS078:evidence_url","https://pmc.ncbi.nlm.nih.gov/articles/PMC11578898/"
"data/resource_coverage.csv","EGAS00001003779:evidence_url","https://pmc.ncbi.nlm.nih.gov/articles/PMC11578898/"
"data/resource_coverage.csv","E-MTAB-10187:evidence_url","https://pmc.ncbi.nlm.nih.gov/articles/PMC11578898/"
"data/resource_coverage.csv","E-MTAB-10268:evidence_url","https://pmc.ncbi.nlm.nih.gov/articles/PMC11578898/"
"data/resource_coverage.csv","E-MTAB-11536:evidence_url","https://pmc.ncbi.nlm.nih.gov/articles/PMC11578898/"
"data/resource_coverage.csv","E-MTAB-14050:evidence_url","https://pmc.ncbi.nlm.nih.gov/articles/PMC11578898/"
"data/resource_coverage.csv","E-MTAB-8007:evidence_url","https://pmc.ncbi.nlm.nih.gov/articles/PMC11578898/"
"data/resource_coverage.csv","E-MTAB-8410:evidence_url","https://pmc.ncbi.nlm.nih.gov/articles/PMC11578898/"
"data/resource_coverage.csv","E-MTAB-8474:evidence_url","https://pmc.ncbi.nlm.nih.gov/articles/PMC11578898/"
"data/resource_coverage.csv","E-MTAB-8484:evidence_url","https://pmc.ncbi.nlm.nih.gov/articles/PMC11578898/"
"data/resource_coverage.csv","E-MTAB-8486:evidence_url","https://pmc.ncbi.nlm.nih.gov/articles/PMC11578898/"
"data/resource_coverage.csv","E-MTAB-8901:evidence_url","https://pmc.ncbi.nlm.nih.gov/articles/PMC11578898/"
"data/resource_coverage.csv","E-MTAB-9489:evidence_url","https://pmc.ncbi.nlm.nih.gov/articles/PMC11578898/"
"data/resource_coverage.csv","E-MTAB-9536:evidence_url","https://pmc.ncbi.nlm.nih.gov/articles/PMC11578898/"
"data/resource_coverage.csv","E-MTAB-9543:evidence_url","https://pmc.ncbi.nlm.nih.gov/articles/PMC11578898/"
"data/resource_coverage.csv","GSE122846:evidence_url","https://pmc.ncbi.nlm.nih.gov/articles/PMC11578898/"
"data/resource_coverage.csv","GSE125970:evidence_url","https://pmc.ncbi.nlm.nih.gov/articles/PMC11578898/"
"data/resource_coverage.csv","GSE150290:evidence_url","https://pmc.ncbi.nlm.nih.gov/articles/PMC11578898/"
"data/resource_coverage.csv","GSE152042:evidence_url","https://pmc.ncbi.nlm.nih.gov/articles/PMC11578898/"
"data/resource_coverage.csv","GSE159929:evidence_url","https://pmc.ncbi.nlm.nih.gov/articles/PMC11578898/"
"data/resource_coverage.csv","GSE161267:evidence_url","https://pmc.ncbi.nlm.nih.gov/articles/PMC11578898/"
"data/resource_coverage.csv","GSE164241:evidence_url","https://pmc.ncbi.nlm.nih.gov/articles/PMC11578898/"
"data/resource_coverage.csv","GSE167297:evidence_url","https://pmc.ncbi.nlm.nih.gov/articles/PMC11578898/"
"data/resource_coverage.csv","GSE180544:evidence_url","https://pmc.ncbi.nlm.nih.gov/articles/PMC11578898/"
"data/resource_coverage.csv","GSE188478:evidence_url","https://pmc.ncbi.nlm.nih.gov/articles/PMC11578898/"
"data/resource_coverage.csv","PRJEB31843:evidence_url","https://pmc.ncbi.nlm.nih.gov/articles/PMC11578898/"
"data/resource_coverage.csv","S-BIAD1139:evidence_url","https://pmc.ncbi.nlm.nih.gov/articles/PMC11578898/"
"data/ibd_omics_datasets.csv","DS080:evidence_url","https://pmc.ncbi.nlm.nih.gov/articles/PMC12203869/"
"data/ibd_omics_datasets.csv","DS080:publication_url","https://pmc.ncbi.nlm.nih.gov/articles/PMC12203869/"
"data/ibd_omics_datasets.csv","DS096:evidence_url","https://pmc.ncbi.nlm.nih.gov/articles/PMC4603665/"
"data/ibd_omics_datasets.csv","DS102:evidence_url","https://pmc.ncbi.nlm.nih.gov/articles/PMC5660607/"
"data/ibd_omics_datasets.csv","DS090:evidence_url","https://pmc.ncbi.nlm.nih.gov/articles/PMC5916929/"
"data/ibd_omics_datasets.csv","DS089:evidence_url","https://pmc.ncbi.nlm.nih.gov/articles/PMC8551698/"
"data/ibd_omics_datasets.csv","DS025:dataset_url","https://proteomecentral.proteomexchange.org/cgi/GetDataset?ID=PXD001608"
"data/ibd_omics_datasets.csv","DS025:evidence_url","https://proteomecentral.proteomexchange.org/cgi/GetDataset?ID=PXD001608"
"data/ibd_omics_datasets.csv","DS050:evidence_url","https://proteomecentral.proteomexchange.org/cgi/GetDataset?ID=PXD001821-4&test=no"
"data/ibd_omics_datasets.csv","DS024:dataset_url","https://proteomecentral.proteomexchange.org/cgi/GetDataset?ID=PXD010371"
"data/ibd_omics_datasets.csv","DS024:evidence_url","https://proteomecentral.proteomexchange.org/cgi/GetDataset?ID=PXD010371"
"data/ibd_omics_datasets.csv","DS082:dataset_url","https://proteomecentral.proteomexchange.org/cgi/GetDataset?ID=PXD032706"
"data/ibd_omics_datasets.csv","DS082:evidence_url","https://proteomecentral.proteomexchange.org/cgi/GetDataset?ID=PXD032706"
"data/ibd_omics_datasets.csv","DS023:evidence_url","https://proteomecentral.proteomexchange.org/cgi/GetDataset?ID=PXD033158"
"data/ibd_omics_datasets.csv","DS010:evidence_url","https://pubmed.ncbi.nlm.nih.gov/16107186/"
"data/ibd_omics_datasets.csv","DS010:publication_url","https://pubmed.ncbi.nlm.nih.gov/16107186/"
"data/ibd_omics_datasets.csv","DS009:evidence_url","https://pubmed.ncbi.nlm.nih.gov/17262812/"
"data/ibd_omics_datasets.csv","DS009:publication_url","https://pubmed.ncbi.nlm.nih.gov/17262812/"
"data/ibd_omics_datasets.csv","DS006:evidence_url","https://pubmed.ncbi.nlm.nih.gov/18758464/"
"data/ibd_omics_datasets.csv","DS006:publication_url","https://pubmed.ncbi.nlm.nih.gov/18758464/"
"data/ibd_omics_datasets.csv","DS101:evidence_url","https://pubmed.ncbi.nlm.nih.gov/19177426/"
"data/ibd_omics_datasets.csv","DS101:publication_url","https://pubmed.ncbi.nlm.nih.gov/19177426/"
"data/ibd_omics_datasets.csv","DS062:publication_url","https://pubmed.ncbi.nlm.nih.gov/19700435/"
"data/ibd_omics_datasets.csv","DS063:publication_url","https://pubmed.ncbi.nlm.nih.gov/19700435/"
"data/ibd_omics_datasets.csv","DS061:evidence_url","https://pubmed.ncbi.nlm.nih.gov/19956723/"
"data/ibd_omics_datasets.csv","DS106:evidence_url","https://pubmed.ncbi.nlm.nih.gov/21448149/"
"data/ibd_omics_datasets.csv","DS029:evidence_url","https://pubmed.ncbi.nlm.nih.gov/22467598/"
"data/ibd_omics_datasets.csv","DS029:publication_url","https://pubmed.ncbi.nlm.nih.gov/22467598/"
"data/ibd_omics_datasets.csv","DS048:publication_url","https://pubmed.ncbi.nlm.nih.gov/23735746/"
"data/ibd_omics_datasets.csv","DS008:evidence_url","https://pubmed.ncbi.nlm.nih.gov/24155895/"
"data/ibd_omics_datasets.csv","DS008:publication_url","https://pubmed.ncbi.nlm.nih.gov/24155895/"
"data/ibd_omics_datasets.csv","DS030:evidence_url","https://pubmed.ncbi.nlm.nih.gov/24937444/"
"data/ibd_omics_datasets.csv","DS030:publication_url","https://pubmed.ncbi.nlm.nih.gov/24937444/"
"data/ibd_omics_datasets.csv","DS031:evidence_url","https://pubmed.ncbi.nlm.nih.gov/24937444/"
"data/ibd_omics_datasets.csv","DS031:publication_url","https://pubmed.ncbi.nlm.nih.gov/24937444/"
"data/ibd_omics_datasets.csv","DS005:evidence_url","https://pubmed.ncbi.nlm.nih.gov/25003194/"
"data/ibd_omics_datasets.csv","DS005:publication_url","https://pubmed.ncbi.nlm.nih.gov/25003194/"
"data/ibd_omics_datasets.csv","DS015:evidence_url","https://pubmed.ncbi.nlm.nih.gov/25546151/"
"data/ibd_omics_datasets.csv","DS015:publication_url","https://pubmed.ncbi.nlm.nih.gov/25546151/"
"data/ibd_omics_datasets.csv","DS025:evidence_url","https://pubmed.ncbi.nlm.nih.gov/25993694/"
"data/ibd_omics_datasets.csv","DS108:evidence_url","https://pubmed.ncbi.nlm.nih.gov/26034135/"
"data/ibd_omics_datasets.csv","DS108:publication_url","https://pubmed.ncbi.nlm.nih.gov/26034135/"
"data/ibd_omics_datasets.csv","DS096:evidence_url","https://pubmed.ncbi.nlm.nih.gov/26164662/"
"data/integrated_resources.csv","IR007:evidence_url","https://pubmed.ncbi.nlm.nih.gov/26192919/"
"data/ibd_omics_datasets.csv","DS011:evidence_url","https://pubmed.ncbi.nlm.nih.gov/26313692/"
"data/ibd_omics_datasets.csv","DS011:publication_url","https://pubmed.ncbi.nlm.nih.gov/26313692/"
"data/ibd_omics_datasets.csv","DS105:evidence_url","https://pubmed.ncbi.nlm.nih.gov/26522261/"
"data/ibd_omics_datasets.csv","DS097:evidence_url","https://pubmed.ncbi.nlm.nih.gov/26973718/"
"data/ibd_omics_datasets.csv","DS097:publication_url","https://pubmed.ncbi.nlm.nih.gov/26973718/"
"data/ibd_omics_datasets.csv","DS088:evidence_url","https://pubmed.ncbi.nlm.nih.gov/27802155/"
"data/ibd_omics_datasets.csv","DS088:publication_url","https://pubmed.ncbi.nlm.nih.gov/27802155/"
"data/ibd_omics_datasets.csv","DS028:evidence_url","https://pubmed.ncbi.nlm.nih.gov/27886173/"
"data/ibd_omics_datasets.csv","DS028:publication_url","https://pubmed.ncbi.nlm.nih.gov/27886173/"
"data/ibd_omics_datasets.csv","DS120:evidence_url","https://pubmed.ncbi.nlm.nih.gov/28191884/"
"data/ibd_omics_datasets.csv","DS099:evidence_url","https://pubmed.ncbi.nlm.nih.gov/28783698/"
"data/ibd_omics_datasets.csv","DS099:publication_url","https://pubmed.ncbi.nlm.nih.gov/28783698/"
"data/ibd_omics_datasets.csv","DS041:publication_url","https://pubmed.ncbi.nlm.nih.gov/28805827/"
"data/ibd_omics_datasets.csv","DS014:evidence_url","https://pubmed.ncbi.nlm.nih.gov/28885228/"
"data/ibd_omics_datasets.csv","DS014:publication_url","https://pubmed.ncbi.nlm.nih.gov/28885228/"
"data/ibd_omics_datasets.csv","DS046:publication_url","https://pubmed.ncbi.nlm.nih.gov/28892060/"
"data/ibd_omics_datasets.csv","DS102:evidence_url","https://pubmed.ncbi.nlm.nih.gov/28892060/"
"data/ibd_omics_datasets.csv","DS013:evidence_url","https://pubmed.ncbi.nlm.nih.gov/28981629/"
"data/ibd_omics_datasets.csv","DS013:publication_url","https://pubmed.ncbi.nlm.nih.gov/28981629/"
"data/ibd_omics_datasets.csv","DS098:evidence_url","https://pubmed.ncbi.nlm.nih.gov/29263823/"
"data/ibd_omics_datasets.csv","DS098:publication_url","https://pubmed.ncbi.nlm.nih.gov/29263823/"
"data/ibd_omics_datasets.csv","DS060:evidence_url","https://pubmed.ncbi.nlm.nih.gov/29401083/"
"data/ibd_omics_datasets.csv","DS060:publication_url","https://pubmed.ncbi.nlm.nih.gov/29401083/"
"data/ibd_omics_datasets.csv","DS055:evidence_url","https://pubmed.ncbi.nlm.nih.gov/29681789/"
"data/ibd_omics_datasets.csv","DS055:publication_url","https://pubmed.ncbi.nlm.nih.gov/29681789/"
"data/ibd_omics_datasets.csv","DS090:evidence_url","https://pubmed.ncbi.nlm.nih.gov/29695774/"
"data/ibd_omics_datasets.csv","DS047:evidence_url","https://pubmed.ncbi.nlm.nih.gov/29782846/"
"data/ibd_omics_datasets.csv","DS047:publication_url","https://pubmed.ncbi.nlm.nih.gov/29782846/"
"data/ibd_omics_datasets.csv","DS111:evidence_url","https://pubmed.ncbi.nlm.nih.gov/29848778/"
"data/ibd_omics_datasets.csv","DS111:publication_url","https://pubmed.ncbi.nlm.nih.gov/29848778/"
"data/ibd_omics_datasets.csv","DS103:evidence_url","https://pubmed.ncbi.nlm.nih.gov/29983891/"
"data/ibd_omics_datasets.csv","DS103:publication_url","https://pubmed.ncbi.nlm.nih.gov/29983891/"
"data/ibd_omics_datasets.csv","DS086:evidence_url","https://pubmed.ncbi.nlm.nih.gov/30232290/"
"data/ibd_omics_datasets.csv","DS091:evidence_url","https://pubmed.ncbi.nlm.nih.gov/30685385/"
"data/ibd_omics_datasets.csv","DS091:publication_url","https://pubmed.ncbi.nlm.nih.gov/30685385/"
"data/ibd_omics_datasets.csv","DS121:evidence_url","https://pubmed.ncbi.nlm.nih.gov/30779925/"
"data/ibd_omics_datasets.csv","DS121:publication_url","https://pubmed.ncbi.nlm.nih.gov/30779925/"
"data/ibd_omics_datasets.csv","DS024:evidence_url","https://pubmed.ncbi.nlm.nih.gov/31009805/"
"data/ibd_omics_datasets.csv","DS106:evidence_url","https://pubmed.ncbi.nlm.nih.gov/31039157/"
"data/ibd_omics_datasets.csv","DS084:evidence_url","https://pubmed.ncbi.nlm.nih.gov/31446181/"
"data/ibd_omics_datasets.csv","DS084:publication_url","https://pubmed.ncbi.nlm.nih.gov/31446181/"
"data/ibd_omics_datasets.csv","DS020:evidence_url","https://pubmed.ncbi.nlm.nih.gov/31474370/"
"data/ibd_omics_datasets.csv","DS007:evidence_url","https://pubmed.ncbi.nlm.nih.gov/31618209/"
"data/ibd_omics_datasets.csv","DS007:publication_url","https://pubmed.ncbi.nlm.nih.gov/31618209/"
"data/ibd_omics_datasets.csv","DS045:publication_url","https://pubmed.ncbi.nlm.nih.gov/32428507/"
"data/ibd_omics_datasets.csv","DS044:publication_url","https://pubmed.ncbi.nlm.nih.gov/32826341/"
"data/ibd_omics_datasets.csv","DS087:evidence_url","https://pubmed.ncbi.nlm.nih.gov/32991841/"
"data/ibd_omics_datasets.csv","DS087:publication_url","https://pubmed.ncbi.nlm.nih.gov/32991841/"
"data/ibd_omics_datasets.csv","DS094:evidence_url","https://pubmed.ncbi.nlm.nih.gov/34113837/"
"data/ibd_omics_datasets.csv","DS094:publication_url","https://pubmed.ncbi.nlm.nih.gov/34113837/"
"data/ibd_omics_datasets.csv","DS089:evidence_url","https://pubmed.ncbi.nlm.nih.gov/34224909/"
"data/ibd_omics_datasets.csv","DS104:evidence_url","https://pubmed.ncbi.nlm.nih.gov/34301333/"
"data/ibd_omics_datasets.csv","DS104:publication_url","https://pubmed.ncbi.nlm.nih.gov/34301333/"
"data/ibd_omics_datasets.csv","DS085:evidence_url","https://pubmed.ncbi.nlm.nih.gov/34467254/"
"data/ibd_omics_datasets.csv","DS016:evidence_url","https://pubmed.ncbi.nlm.nih.gov/34561227/"
"data/ibd_omics_datasets.csv","DS016:publication_url","https://pubmed.ncbi.nlm.nih.gov/34561227/"
"data/ibd_omics_datasets.csv","DS100:evidence_url","https://pubmed.ncbi.nlm.nih.gov/35394816/"
"data/ibd_omics_datasets.csv","DS100:publication_url","https://pubmed.ncbi.nlm.nih.gov/35394816/"
"data/ibd_omics_datasets.csv","DS079:evidence_url","https://pubmed.ncbi.nlm.nih.gov/35770079/"
"data/ibd_omics_datasets.csv","DS079:publication_url","https://pubmed.ncbi.nlm.nih.gov/35770079/"
"data/ibd_omics_datasets.csv","DS095:evidence_url","https://pubmed.ncbi.nlm.nih.gov/35952671/"
"data/ibd_omics_datasets.csv","DS026:evidence_url","https://pubmed.ncbi.nlm.nih.gov/35999575/"
"data/ibd_omics_datasets.csv","DS003:evidence_url","https://pubmed.ncbi.nlm.nih.gov/36109152/"
"data/ibd_omics_datasets.csv","DS003:publication_url","https://pubmed.ncbi.nlm.nih.gov/36109152/"
"data/ibd_omics_datasets.csv","DS109:evidence_url","https://pubmed.ncbi.nlm.nih.gov/36109152/"
"data/ibd_omics_datasets.csv","DS109:publication_url","https://pubmed.ncbi.nlm.nih.gov/36109152/"
"data/ibd_omics_datasets.csv","DS083:evidence_url","https://pubmed.ncbi.nlm.nih.gov/36170836/"
"data/ibd_omics_datasets.csv","DS083:publication_url","https://pubmed.ncbi.nlm.nih.gov/36170836/"
"data/ibd_omics_datasets.csv","DS107:evidence_url","https://pubmed.ncbi.nlm.nih.gov/36170836/"
"data/ibd_omics_datasets.csv","DS107:publication_url","https://pubmed.ncbi.nlm.nih.gov/36170836/"
"data/ibd_omics_datasets.csv","DS049:publication_url","https://pubmed.ncbi.nlm.nih.gov/36192482/"
"data/ibd_omics_datasets.csv","DS032:evidence_url","https://pubmed.ncbi.nlm.nih.gov/36271073/"
"data/ibd_omics_datasets.csv","DS032:publication_url","https://pubmed.ncbi.nlm.nih.gov/36271073/"
"data/ibd_omics_datasets.csv","DS042:publication_url","https://pubmed.ncbi.nlm.nih.gov/36964596/"
"data/ibd_omics_datasets.csv","DS113:evidence_url","https://pubmed.ncbi.nlm.nih.gov/37235748/"
"data/ibd_omics_datasets.csv","DS113:publication_url","https://pubmed.ncbi.nlm.nih.gov/37235748/"
"data/ibd_omics_datasets.csv","DS004:evidence_url","https://pubmed.ncbi.nlm.nih.gov/37495570/"
"data/ibd_omics_datasets.csv","DS004:publication_url","https://pubmed.ncbi.nlm.nih.gov/37495570/"
"data/ibd_omics_datasets.csv","DS017:evidence_url","https://pubmed.ncbi.nlm.nih.gov/37495570/"
"data/ibd_omics_datasets.csv","DS017:publication_url","https://pubmed.ncbi.nlm.nih.gov/37495570/"
"data/ibd_omics_datasets.csv","DS018:evidence_url","https://pubmed.ncbi.nlm.nih.gov/37495570/"
"data/ibd_omics_datasets.csv","DS018:publication_url","https://pubmed.ncbi.nlm.nih.gov/37495570/"
"data/ibd_omics_datasets.csv","DS027:evidence_url","https://pubmed.ncbi.nlm.nih.gov/38215740/"
"data/ibd_omics_datasets.csv","DS057:evidence_url","https://pubmed.ncbi.nlm.nih.gov/38215740/"
"data/ibd_omics_datasets.csv","DS043:publication_url","https://pubmed.ncbi.nlm.nih.gov/38302662/"
"data/ibd_omics_datasets.csv","DS114:evidence_url","https://pubmed.ncbi.nlm.nih.gov/38374043/"
"data/ibd_omics_datasets.csv","DS114:publication_url","https://pubmed.ncbi.nlm.nih.gov/38374043/"
"data/ibd_omics_datasets.csv","DS115:evidence_url","https://pubmed.ncbi.nlm.nih.gov/38374043/"
"data/ibd_omics_datasets.csv","DS115:publication_url","https://pubmed.ncbi.nlm.nih.gov/38374043/"
"data/ibd_omics_datasets.csv","DS116:evidence_url","https://pubmed.ncbi.nlm.nih.gov/38374043/"
"data/ibd_omics_datasets.csv","DS116:publication_url","https://pubmed.ncbi.nlm.nih.gov/38374043/"
"data/ibd_omics_datasets.csv","DS023:evidence_url","https://pubmed.ncbi.nlm.nih.gov/38552248/"
"data/ibd_omics_datasets.csv","DS112:evidence_url","https://pubmed.ncbi.nlm.nih.gov/39343250/"
"data/ibd_omics_datasets.csv","DS112:publication_url","https://pubmed.ncbi.nlm.nih.gov/39343250/"
"data/ibd_omics_datasets.csv","DS019:evidence_url","https://pubmed.ncbi.nlm.nih.gov/39438660/"
"data/ibd_omics_datasets.csv","DS019:publication_url","https://pubmed.ncbi.nlm.nih.gov/39438660/"
"data/ibd_omics_datasets.csv","DS122:evidence_url","https://pubmed.ncbi.nlm.nih.gov/40650893/"
"data/ibd_omics_datasets.csv","DS122:publication_url","https://pubmed.ncbi.nlm.nih.gov/40650893/"
"data/integrated_resources.csv","IR010:access_url","https://r10.finngen.fi"
"docs/repositories.html","html","https://r10.finngen.fi/"
"data/integrated_resources.csv","IR010:evidence_url","https://r10.risteys.finngen.fi/endpoints/K11_IBD_STRICT"
"docs/about.html","html","https://scholar.google.com/citations?user=L_Vs-00AAAAJ&amp;hl=en"
"data/integrated_resources.csv","IR001:access_url","https://scibd.cn/"
"data/integrated_resources.csv","IR001:evidence_url","https://scibd.cn/"
"data/ibd_omics_datasets.csv","DS073:evidence_url","https://singlecell.broadinstitute.org/single_cell/api/v1/site/studies/SCP259"
"data/ibd_omics_datasets.csv","DS078:dataset_url","https://singlecell.broadinstitute.org/single_cell/study/SCP1884"
"data/ibd_omics_datasets.csv","DS078:evidence_url","https://singlecell.broadinstitute.org/single_cell/study/SCP1884"
"data/resource_coverage.csv","DS078:evidence_url","https://singlecell.broadinstitute.org/single_cell/study/SCP1884"
"data/ibd_omics_datasets.csv","DS073:dataset_url","https://singlecell.broadinstitute.org/single_cell/study/SCP259"
"data/resource_coverage.csv","DS073:evidence_url","https://singlecell.broadinstitute.org/single_cell/study/SCP259"
"data/ibd_omics_datasets.csv","DS099:evidence_url","https://trace.ncbi.nlm.nih.gov/Traces/sra-db-be/runinfo?acc=SRP076599"
"data/ibd_omics_datasets.csv","DS095:evidence_url","https://trace.ncbi.nlm.nih.gov/Traces/sra-db-be/runinfo?acc=SRP291527"
"data/integrated_resources.csv","IR006:access_url","https://www.crohnscolitisfoundation.org/research/signature-foundation-programs/ibd-plexus"
"data/integrated_resources.csv","IR006:evidence_url","https://www.crohnscolitisfoundation.org/research/signature-foundation-programs/ibd-plexus"
"docs/repositories.html","html","https://www.ebi.ac.uk/biostudies/submissions/"
"data/ibd_omics_datasets.csv","DS091:dataset_url","https://www.ebi.ac.uk/ena/browser/view/E-MTAB-7604"
"data/ibd_omics_datasets.csv","DS091:evidence_url","https://www.ebi.ac.uk/ena/browser/view/E-MTAB-7604"
"data/resource_coverage.csv","DS091:evidence_url","https://www.ebi.ac.uk/ena/browser/view/E-MTAB-7604"
"data/ibd_omics_datasets.csv","DS084:dataset_url","https://www.ebi.ac.uk/ena/browser/view/E-MTAB-7845"
"data/ibd_omics_datasets.csv","DS084:evidence_url","https://www.ebi.ac.uk/ena/browser/view/E-MTAB-7845"
"data/resource_coverage.csv","DS084:evidence_url","https://www.ebi.ac.uk/ena/browser/view/E-MTAB-7845"
"data/resource_coverage.csv","E-MTAB-8901:evidence_url","https://www.ebi.ac.uk/ena/browser/view/E-MTAB-8901"
"data/resource_coverage.csv","E-MTAB-9536:evidence_url","https://www.ebi.ac.uk/ena/browser/view/E-MTAB-9536"
"data/resource_coverage.csv","E-MTAB-9543:evidence_url","https://www.ebi.ac.uk/ena/browser/view/E-MTAB-9543"
"data/ibd_omics_datasets.csv","DS092:dataset_url","https://www.ebi.ac.uk/ena/browser/view/E-MTAB-9731"
"data/ibd_omics_datasets.csv","DS092:evidence_url","https://www.ebi.ac.uk/ena/browser/view/E-MTAB-9731"
"data/resource_coverage.csv","DS092:evidence_url","https://www.ebi.ac.uk/ena/browser/view/E-MTAB-9731"
"data/ibd_omics_datasets.csv","DS120:evidence_url","https://www.ebi.ac.uk/ena/browser/view/PRJEB18471"
"data/ibd_omics_datasets.csv","DS058:evidence_url","https://www.ebi.ac.uk/ena/browser/view/PRJEB42151"
"data/ibd_omics_datasets.csv","DS058:evidence_url","https://www.ebi.ac.uk/ena/browser/view/PRJEB42155"
"docs/curation-methods.html","html","https://www.ebi.ac.uk/gwas/"
"docs/repositories.html","html","https://www.ebi.ac.uk/gwas/"
"data/integrated_resources.csv","IR008:access_url","https://www.ebi.ac.uk/gwas/efotraits/EFO_0003767"
"data/integrated_resources.csv","IR008:evidence_url","https://www.ebi.ac.uk/gwas/efotraits/EFO_0003767"
"docs/curation-methods.html","html","https://www.ebi.ac.uk/pride/"
"docs/repositories.html","html","https://www.ebi.ac.uk/pride/"
"data/ibd_omics_datasets.csv","DS079:dataset_url","https://www.ebi.ac.uk/pride/archive/projects/PXD030121"
"data/ibd_omics_datasets.csv","DS023:dataset_url","https://www.ebi.ac.uk/pride/archive/projects/PXD033158"
"data/ibd_omics_datasets.csv","DS080:dataset_url","https://www.ebi.ac.uk/pride/archive/projects/PXD061040"
"data/ibd_omics_datasets.csv","DS051:evidence_url","https://www.ebi.ac.uk/pride/ws/archive/v3/projects/PXD012284"
"data/ibd_omics_datasets.csv","DS052:evidence_url","https://www.ebi.ac.uk/pride/ws/archive/v3/projects/PXD014479"
"data/ibd_omics_datasets.csv","DS079:evidence_url","https://www.ebi.ac.uk/pride/ws/archive/v3/projects/PXD030121"
"data/ibd_omics_datasets.csv","DS079:evidence_url","https://www.ebi.ac.uk/pride/ws/archive/v3/projects/PXD030121/files/all"
"data/ibd_omics_datasets.csv","DS054:evidence_url","https://www.ebi.ac.uk/pride/ws/archive/v3/projects/PXD050335"
"data/ibd_omics_datasets.csv","DS080:evidence_url","https://www.ebi.ac.uk/pride/ws/archive/v3/projects/PXD061040"
"docs/curation-methods.html","html","https://www.finngen.fi/"
"data/integrated_resources.csv","IR002:access_url","https://www.gutcellatlas.org/"
"data/integrated_resources.csv","IR002:evidence_url","https://www.gutcellatlas.org/"
"docs/curation-methods.html","html","https://www.humancellatlas.org/"
"docs/repositories.html","html","https://www.humancellatlas.org/"
"data/integrated_resources.csv","IR007:access_url","https://www.ibdgc.org/research/resources"
"data/integrated_resources.csv","IR007:evidence_url","https://www.ibdgc.org/research/resources"
"docs/curation-methods.html","html","https://www.ibdgenetics.org/"
"docs/repositories.html","html","https://www.ibdgenetics.org/"
"data/ibd_omics_datasets.csv","DS075:evidence_url","https://www.immport.org/shared/data/query/ui/study/summary/SDY1765"
"data/ibd_omics_datasets.csv","DS075:dataset_url","https://www.immport.org/shared/study/SDY1765"
"data/resource_coverage.csv","DS075:evidence_url","https://www.immport.org/shared/study/SDY1765"
"data/ibd_omics_datasets.csv","DS082:evidence_url","https://www.mdpi.com/2073-4409/11/8/1340"
"data/ibd_omics_datasets.csv","DS082:publication_url","https://www.mdpi.com/2073-4409/11/8/1340"
"docs/curation-methods.html","html","https://www.metabolomicsworkbench.org/"
"docs/repositories.html","html","https://www.metabolomicsworkbench.org/"
"data/ibd_omics_datasets.csv","DS027:evidence_url","https://www.metabolomicsworkbench.org/data/DRCCMetadata.php?DataMode=AnalysisData&Mode=Study&ResultType=5&StudyID=ST002470&StudyType=LC-MS"
"data/ibd_omics_datasets.csv","DS122:dataset_url","https://www.metabolomicsworkbench.org/data/DRCCMetadata.php?Mode=Study&StudyID=ST003312"
"data/ibd_omics_datasets.csv","DS122:evidence_url","https://www.metabolomicsworkbench.org/data/DRCCMetadata.php?Mode=Study&StudyID=ST003312"
"data/ibd_omics_datasets.csv","DS122:evidence_url","https://www.metabolomicsworkbench.org/data/DRCCMetadata.php?Mode=Study&StudyID=ST003313"
"data/ibd_omics_datasets.csv","DS055:dataset_url","https://www.metabolomicsworkbench.org/data/DRCCMetadata.php?StudyID=ST000899"
"data/ibd_omics_datasets.csv","DS056:dataset_url","https://www.metabolomicsworkbench.org/data/DRCCMetadata.php?StudyID=ST001000"
"data/ibd_omics_datasets.csv","DS027:dataset_url","https://www.metabolomicsworkbench.org/data/DRCCMetadata.php?StudyID=ST002470"
"data/ibd_omics_datasets.csv","DS027:evidence_url","https://www.metabolomicsworkbench.org/data/DRCCMetadata.php?StudyID=ST002470"
"data/ibd_omics_datasets.csv","DS057:dataset_url","https://www.metabolomicsworkbench.org/data/DRCCMetadata.php?StudyID=ST002471"
"data/ibd_omics_datasets.csv","DS055:evidence_url","https://www.metabolomicsworkbench.org/rest/study/study_id/ST000899/factors"
"data/ibd_omics_datasets.csv","DS055:evidence_url","https://www.metabolomicsworkbench.org/rest/study/study_id/ST000899/summary"
"data/ibd_omics_datasets.csv","DS056:evidence_url","https://www.metabolomicsworkbench.org/rest/study/study_id/ST001000/summary"
"data/ibd_omics_datasets.csv","DS057:evidence_url","https://www.metabolomicsworkbench.org/rest/study/study_id/ST002471/factors"
"data/ibd_omics_datasets.csv","DS057:evidence_url","https://www.metabolomicsworkbench.org/rest/study/study_id/ST002471/summary"
"data/ibd_omics_datasets.csv","DS120:evidence_url","https://www.nature.com/articles/nmicrobiol20174"
"data/ibd_omics_datasets.csv","DS120:publication_url","https://www.nature.com/articles/nmicrobiol20174"
"data/ibd_omics_datasets.csv","DS038:evidence_url","https://www.nature.com/articles/s41467-018-07841-3"
"data/ibd_omics_datasets.csv","DS038:publication_url","https://www.nature.com/articles/s41467-018-07841-3"
"data/ibd_omics_datasets.csv","DS114:evidence_url","https://www.nature.com/articles/s41467-024-45665-6"
"data/ibd_omics_datasets.csv","DS115:evidence_url","https://www.nature.com/articles/s41467-024-45665-6"
"data/ibd_omics_datasets.csv","DS116:evidence_url","https://www.nature.com/articles/s41467-024-45665-6"
"data/ibd_omics_datasets.csv","DS118:evidence_url","https://www.nature.com/articles/s41467-026-72482-w"
"data/ibd_omics_datasets.csv","DS118:publication_url","https://www.nature.com/articles/s41467-026-72482-w"
"data/ibd_omics_datasets.csv","DS119:evidence_url","https://www.nature.com/articles/s41467-026-72482-w"
"data/ibd_omics_datasets.csv","DS119:publication_url","https://www.nature.com/articles/s41467-026-72482-w"
"data/ibd_omics_datasets.csv","DS056:evidence_url","https://www.nature.com/articles/s41564-018-0306-4"
"data/ibd_omics_datasets.csv","DS056:publication_url","https://www.nature.com/articles/s41564-018-0306-4"
"data/ibd_omics_datasets.csv","DS058:evidence_url","https://www.nature.com/articles/s41564-021-01050-3"
"data/ibd_omics_datasets.csv","DS058:publication_url","https://www.nature.com/articles/s41564-021-01050-3"
"data/ibd_omics_datasets.csv","DS001:evidence_url","https://www.nature.com/articles/s41586-019-1237-9"
"data/ibd_omics_datasets.csv","DS001:publication_url","https://www.nature.com/articles/s41586-019-1237-9"
"data/integrated_resources.csv","IR001:evidence_url","https://www.nature.com/articles/s43588-023-00464-9"
"data/resource_coverage.csv","DS076:evidence_url","https://www.nature.com/articles/s43588-023-00464-9"
"data/resource_coverage.csv","HRA000072:evidence_url","https://www.nature.com/articles/s43588-023-00464-9"
"data/ibd_omics_datasets.csv","DS001:evidence_url","https://www.ncbi.nlm.nih.gov/bioproject/398089"
"data/ibd_omics_datasets.csv","DS056:evidence_url","https://www.ncbi.nlm.nih.gov/bioproject/400072"
"data/ibd_omics_datasets.csv","DS120:dataset_url","https://www.ncbi.nlm.nih.gov/bioproject/PRJEB18471"
"data/ibd_omics_datasets.csv","DS120:evidence_url","https://www.ncbi.nlm.nih.gov/bioproject/PRJEB18471"
"data/ibd_omics_datasets.csv","DS101:evidence_url","https://www.ncbi.nlm.nih.gov/bioproject/PRJNA103213"
"data/ibd_omics_datasets.csv","DS119:evidence_url","https://www.ncbi.nlm.nih.gov/bioproject/PRJNA1373279"
"data/ibd_omics_datasets.csv","DS118:evidence_url","https://www.ncbi.nlm.nih.gov/bioproject/PRJNA1373285"
"data/ibd_omics_datasets.csv","DS100:evidence_url","https://www.ncbi.nlm.nih.gov/bioproject/PRJNA557840"
"data/ibd_omics_datasets.csv","DS085:evidence_url","https://www.ncbi.nlm.nih.gov/bioproject/PRJNA638957"
"data/ibd_omics_datasets.csv","DS093:evidence_url","https://www.ncbi.nlm.nih.gov/bioproject/PRJNA692234"
"data/ibd_omics_datasets.csv","DS094:evidence_url","https://www.ncbi.nlm.nih.gov/bioproject/PRJNA718848"
"data/ibd_omics_datasets.csv","DS035:evidence_url","https://www.ncbi.nlm.nih.gov/bioproject?from_uid=2222510&linkname=gap_bioproject"
"docs/curation-methods.html","html","https://www.ncbi.nlm.nih.gov/gap/"
"docs/repositories.html","html","https://www.ncbi.nlm.nih.gov/gap/"
"docs/curation-methods.html","html","https://www.ncbi.nlm.nih.gov/geo/"
"docs/repositories.html","html","https://www.ncbi.nlm.nih.gov/geo/"
"data/ibd_omics_datasets.csv","DS118:evidence_url","https://www.ncbi.nlm.nih.gov/geo/query/acc.cgi?acc=GPL33484"
"data/ibd_omics_datasets.csv","DS102:dataset_url","https://www.ncbi.nlm.nih.gov/geo/query/acc.cgi?acc=GSE100833"
"data/ibd_omics_datasets.csv","DS102:evidence_url","https://www.ncbi.nlm.nih.gov/geo/query/acc.cgi?acc=GSE100833"
"data/resource_coverage.csv","DS102:evidence_url","https://www.ncbi.nlm.nih.gov/geo/query/acc.cgi?acc=GSE100833"
"data/ibd_omics_datasets.csv","DS103:dataset_url","https://www.ncbi.nlm.nih.gov/geo/query/acc.cgi?acc=GSE102746"
"data/ibd_omics_datasets.csv","DS103:evidence_url","https://www.ncbi.nlm.nih.gov/geo/query/acc.cgi?acc=GSE102746"
"data/resource_coverage.csv","DS103:evidence_url","https://www.ncbi.nlm.nih.gov/geo/query/acc.cgi?acc=GSE102746"
"data/ibd_omics_datasets.csv","DS006:dataset_url","https://www.ncbi.nlm.nih.gov/geo/query/acc.cgi?acc=GSE10616"
"data/ibd_omics_datasets.csv","DS006:evidence_url","https://www.ncbi.nlm.nih.gov/geo/query/acc.cgi?acc=GSE10616"
"data/ibd_omics_datasets.csv","DS069:dataset_url","https://www.ncbi.nlm.nih.gov/geo/query/acc.cgi?acc=GSE107865"
"data/ibd_omics_datasets.csv","DS069:evidence_url","https://www.ncbi.nlm.nih.gov/geo/query/acc.cgi?acc=GSE107865"
"data/resource_coverage.csv","DS069:evidence_url","https://www.ncbi.nlm.nih.gov/geo/query/acc.cgi?acc=GSE107865"
"data/ibd_omics_datasets.csv","DS038:dataset_url","https://www.ncbi.nlm.nih.gov/geo/query/acc.cgi?acc=GSE109142"
"data/ibd_omics_datasets.csv","DS038:evidence_url","https://www.ncbi.nlm.nih.gov/geo/query/acc.cgi?acc=GSE109142"
"data/ibd_omics_datasets.csv","DS111:dataset_url","https://www.ncbi.nlm.nih.gov/geo/query/acc.cgi?acc=GSE111761"
"data/ibd_omics_datasets.csv","DS111:evidence_url","https://www.ncbi.nlm.nih.gov/geo/query/acc.cgi?acc=GSE111761"
"data/ibd_omics_datasets.csv","DS001:evidence_url","https://www.ncbi.nlm.nih.gov/geo/query/acc.cgi?acc=GSE111889"
"data/ibd_omics_datasets.csv","DS065:dataset_url","https://www.ncbi.nlm.nih.gov/geo/query/acc.cgi?acc=GSE11223"
"data/ibd_omics_datasets.csv","DS065:evidence_url","https://www.ncbi.nlm.nih.gov/geo/query/acc.cgi?acc=GSE11223"
"data/ibd_omics_datasets.csv","DS047:dataset_url","https://www.ncbi.nlm.nih.gov/geo/query/acc.cgi?acc=GSE112366"
"data/ibd_omics_datasets.csv","DS047:evidence_url","https://www.ncbi.nlm.nih.gov/geo/query/acc.cgi?acc=GSE112366"
"data/ibd_omics_datasets.csv","DS121:dataset_url","https://www.ncbi.nlm.nih.gov/geo/query/acc.cgi?acc=GSE112611"
"data/ibd_omics_datasets.csv","DS121:evidence_url","https://www.ncbi.nlm.nih.gov/geo/query/acc.cgi?acc=GSE112611"
"data/ibd_omics_datasets.csv","DS071:dataset_url","https://www.ncbi.nlm.nih.gov/geo/query/acc.cgi?acc=GSE114374"
"data/ibd_omics_datasets.csv","DS071:evidence_url","https://www.ncbi.nlm.nih.gov/geo/query/acc.cgi?acc=GSE114374"
"data/resource_coverage.csv","DS071:evidence_url","https://www.ncbi.nlm.nih.gov/geo/query/acc.cgi?acc=GSE114374"
"data/ibd_omics_datasets.csv","DS012:dataset_url","https://www.ncbi.nlm.nih.gov/geo/query/acc.cgi?acc=GSE11499"
"data/ibd_omics_datasets.csv","DS012:evidence_url","https://www.ncbi.nlm.nih.gov/geo/query/acc.cgi?acc=GSE11499"
"data/ibd_omics_datasets.csv","DS070:dataset_url","https://www.ncbi.nlm.nih.gov/geo/query/acc.cgi?acc=GSE116222"
"data/ibd_omics_datasets.csv","DS070:evidence_url","https://www.ncbi.nlm.nih.gov/geo/query/acc.cgi?acc=GSE116222"
"data/resource_coverage.csv","DS070:evidence_url","https://www.ncbi.nlm.nih.gov/geo/query/acc.cgi?acc=GSE116222"
"data/ibd_omics_datasets.csv","DS086:dataset_url","https://www.ncbi.nlm.nih.gov/geo/query/acc.cgi?acc=GSE117875"
"data/ibd_omics_datasets.csv","DS086:evidence_url","https://www.ncbi.nlm.nih.gov/geo/query/acc.cgi?acc=GSE117875"
"data/resource_coverage.csv","DS086:evidence_url","https://www.ncbi.nlm.nih.gov/geo/query/acc.cgi?acc=GSE117875"
"data/ibd_omics_datasets.csv","DS040:dataset_url","https://www.ncbi.nlm.nih.gov/geo/query/acc.cgi?acc=GSE117993"
"data/ibd_omics_datasets.csv","DS040:evidence_url","https://www.ncbi.nlm.nih.gov/geo/query/acc.cgi?acc=GSE117993"
"data/ibd_omics_datasets.csv","DS076:dataset_url","https://www.ncbi.nlm.nih.gov/geo/query/acc.cgi?acc=GSE121380"
"data/ibd_omics_datasets.csv","DS076:evidence_url","https://www.ncbi.nlm.nih.gov/geo/query/acc.cgi?acc=GSE121380"
"data/resource_coverage.csv","DS076:evidence_url","https://www.ncbi.nlm.nih.gov/geo/query/acc.cgi?acc=GSE121380"
"data/ibd_omics_datasets.csv","DS062:dataset_url","https://www.ncbi.nlm.nih.gov/geo/query/acc.cgi?acc=GSE12251"
"data/ibd_omics_datasets.csv","DS062:evidence_url","https://www.ncbi.nlm.nih.gov/geo/query/acc.cgi?acc=GSE12251"
"data/resource_coverage.csv","DS062:evidence_url","https://www.ncbi.nlm.nih.gov/geo/query/acc.cgi?acc=GSE12251"
"data/ibd_omics_datasets.csv","DS044:dataset_url","https://www.ncbi.nlm.nih.gov/geo/query/acc.cgi?acc=GSE125527"
"data/ibd_omics_datasets.csv","DS044:evidence_url","https://www.ncbi.nlm.nih.gov/geo/query/acc.cgi?acc=GSE125527"
"data/resource_coverage.csv","DS044:evidence_url","https://www.ncbi.nlm.nih.gov/geo/query/acc.cgi?acc=GSE125527"
"data/ibd_omics_datasets.csv","DS007:dataset_url","https://www.ncbi.nlm.nih.gov/geo/query/acc.cgi?acc=GSE126124"
"data/ibd_omics_datasets.csv","DS007:evidence_url","https://www.ncbi.nlm.nih.gov/geo/query/acc.cgi?acc=GSE126124"
"data/ibd_omics_datasets.csv","DS020:dataset_url","https://www.ncbi.nlm.nih.gov/geo/query/acc.cgi?acc=GSE134809"
"data/ibd_omics_datasets.csv","DS020:evidence_url","https://www.ncbi.nlm.nih.gov/geo/query/acc.cgi?acc=GSE134809"
"data/resource_coverage.csv","DS020:evidence_url","https://www.ncbi.nlm.nih.gov/geo/query/acc.cgi?acc=GSE134809"
"data/ibd_omics_datasets.csv","DS100:dataset_url","https://www.ncbi.nlm.nih.gov/geo/query/acc.cgi?acc=GSE135223"
"data/ibd_omics_datasets.csv","DS100:evidence_url","https://www.ncbi.nlm.nih.gov/geo/query/acc.cgi?acc=GSE135223"
"data/resource_coverage.csv","DS100:evidence_url","https://www.ncbi.nlm.nih.gov/geo/query/acc.cgi?acc=GSE135223"
"data/ibd_omics_datasets.csv","DS063:dataset_url","https://www.ncbi.nlm.nih.gov/geo/query/acc.cgi?acc=GSE14580"
"data/ibd_omics_datasets.csv","DS063:evidence_url","https://www.ncbi.nlm.nih.gov/geo/query/acc.cgi?acc=GSE14580"
"data/ibd_omics_datasets.csv","DS072:dataset_url","https://www.ncbi.nlm.nih.gov/geo/query/acc.cgi?acc=GSE148837"
"data/ibd_omics_datasets.csv","DS072:evidence_url","https://www.ncbi.nlm.nih.gov/geo/query/acc.cgi?acc=GSE148837"
"data/resource_coverage.csv","DS072:evidence_url","https://www.ncbi.nlm.nih.gov/geo/query/acc.cgi?acc=GSE148837"
"data/ibd_omics_datasets.csv","DS045:dataset_url","https://www.ncbi.nlm.nih.gov/geo/query/acc.cgi?acc=GSE150115"
"data/ibd_omics_datasets.csv","DS045:evidence_url","https://www.ncbi.nlm.nih.gov/geo/query/acc.cgi?acc=GSE150115"
"data/ibd_omics_datasets.csv","DS039:dataset_url","https://www.ncbi.nlm.nih.gov/geo/query/acc.cgi?acc=GSE150961"
"data/ibd_omics_datasets.csv","DS039:evidence_url","https://www.ncbi.nlm.nih.gov/geo/query/acc.cgi?acc=GSE150961"
"data/ibd_omics_datasets.csv","DS085:dataset_url","https://www.ncbi.nlm.nih.gov/geo/query/acc.cgi?acc=GSE152316"
"data/ibd_omics_datasets.csv","DS085:evidence_url","https://www.ncbi.nlm.nih.gov/geo/query/acc.cgi?acc=GSE152316"
"data/resource_coverage.csv","DS085:evidence_url","https://www.ncbi.nlm.nih.gov/geo/query/acc.cgi?acc=GSE152316"
"data/ibd_omics_datasets.csv","DS087:dataset_url","https://www.ncbi.nlm.nih.gov/geo/query/acc.cgi?acc=GSE156044"
"data/ibd_omics_datasets.csv","DS087:evidence_url","https://www.ncbi.nlm.nih.gov/geo/query/acc.cgi?acc=GSE156044"
"data/resource_coverage.csv","DS087:evidence_url","https://www.ncbi.nlm.nih.gov/geo/query/acc.cgi?acc=GSE156044"
"data/ibd_omics_datasets.csv","DS074:dataset_url","https://www.ncbi.nlm.nih.gov/geo/query/acc.cgi?acc=GSE157477"
"data/ibd_omics_datasets.csv","DS074:evidence_url","https://www.ncbi.nlm.nih.gov/geo/query/acc.cgi?acc=GSE157477"
"data/resource_coverage.csv","DS074:evidence_url","https://www.ncbi.nlm.nih.gov/geo/query/acc.cgi?acc=GSE157477"
"data/resource_coverage.csv","GSE158702:evidence_url","https://www.ncbi.nlm.nih.gov/geo/query/acc.cgi?acc=GSE158702"
"data/ibd_omics_datasets.csv","DS104:dataset_url","https://www.ncbi.nlm.nih.gov/geo/query/acc.cgi?acc=GSE158952"
"data/ibd_omics_datasets.csv","DS104:evidence_url","https://www.ncbi.nlm.nih.gov/geo/query/acc.cgi?acc=GSE158952"
"data/resource_coverage.csv","DS104:evidence_url","https://www.ncbi.nlm.nih.gov/geo/query/acc.cgi?acc=GSE158952"
"data/ibd_omics_datasets.csv","DS089:dataset_url","https://www.ncbi.nlm.nih.gov/geo/query/acc.cgi?acc=GSE160925"
"data/ibd_omics_datasets.csv","DS089:evidence_url","https://www.ncbi.nlm.nih.gov/geo/query/acc.cgi?acc=GSE160925"
"data/resource_coverage.csv","DS089:evidence_url","https://www.ncbi.nlm.nih.gov/geo/query/acc.cgi?acc=GSE160925"
"data/ibd_omics_datasets.csv","DS095:dataset_url","https://www.ncbi.nlm.nih.gov/geo/query/acc.cgi?acc=GSE161031"
"data/ibd_omics_datasets.csv","DS095:evidence_url","https://www.ncbi.nlm.nih.gov/geo/query/acc.cgi?acc=GSE161031"
"data/resource_coverage.csv","DS095:evidence_url","https://www.ncbi.nlm.nih.gov/geo/query/acc.cgi?acc=GSE161031"
"data/ibd_omics_datasets.csv","DS093:dataset_url","https://www.ncbi.nlm.nih.gov/geo/query/acc.cgi?acc=GSE164871"
"data/ibd_omics_datasets.csv","DS093:evidence_url","https://www.ncbi.nlm.nih.gov/geo/query/acc.cgi?acc=GSE164871"
"data/resource_coverage.csv","DS093:evidence_url","https://www.ncbi.nlm.nih.gov/geo/query/acc.cgi?acc=GSE164871"
"data/ibd_omics_datasets.csv","DS061:dataset_url","https://www.ncbi.nlm.nih.gov/geo/query/acc.cgi?acc=GSE16879"
"data/ibd_omics_datasets.csv","DS061:evidence_url","https://www.ncbi.nlm.nih.gov/geo/query/acc.cgi?acc=GSE16879"
"data/resource_coverage.csv","DS061:evidence_url","https://www.ncbi.nlm.nih.gov/geo/query/acc.cgi?acc=GSE16879"
"data/ibd_omics_datasets.csv","DS010:dataset_url","https://www.ncbi.nlm.nih.gov/geo/query/acc.cgi?acc=GSE1710"
"data/ibd_omics_datasets.csv","DS010:evidence_url","https://www.ncbi.nlm.nih.gov/geo/query/acc.cgi?acc=GSE1710"
"data/ibd_omics_datasets.csv","DS094:dataset_url","https://www.ncbi.nlm.nih.gov/geo/query/acc.cgi?acc=GSE171244"
"data/ibd_omics_datasets.csv","DS094:evidence_url","https://www.ncbi.nlm.nih.gov/geo/query/acc.cgi?acc=GSE171244"
"data/resource_coverage.csv","DS094:evidence_url","https://www.ncbi.nlm.nih.gov/geo/query/acc.cgi?acc=GSE171244"
"data/ibd_omics_datasets.csv","DS016:dataset_url","https://www.ncbi.nlm.nih.gov/geo/query/acc.cgi?acc=GSE179285"
"data/ibd_omics_datasets.csv","DS016:evidence_url","https://www.ncbi.nlm.nih.gov/geo/query/acc.cgi?acc=GSE179285"
"data/ibd_omics_datasets.csv","DS077:dataset_url","https://www.ncbi.nlm.nih.gov/geo/query/acc.cgi?acc=GSE182270"
"data/ibd_omics_datasets.csv","DS077:evidence_url","https://www.ncbi.nlm.nih.gov/geo/query/acc.cgi?acc=GSE182270"
"data/resource_coverage.csv","DS077:evidence_url","https://www.ncbi.nlm.nih.gov/geo/query/acc.cgi?acc=GSE182270"
"data/ibd_omics_datasets.csv","DS042:dataset_url","https://www.ncbi.nlm.nih.gov/geo/query/acc.cgi?acc=GSE185061"
"data/ibd_omics_datasets.csv","DS042:evidence_url","https://www.ncbi.nlm.nih.gov/geo/query/acc.cgi?acc=GSE185061"
"data/ibd_omics_datasets.csv","DS003:dataset_url","https://www.ncbi.nlm.nih.gov/geo/query/acc.cgi?acc=GSE193677"
"data/ibd_omics_datasets.csv","DS003:evidence_url","https://www.ncbi.nlm.nih.gov/geo/query/acc.cgi?acc=GSE193677"
"data/ibd_omics_datasets.csv","DS049:dataset_url","https://www.ncbi.nlm.nih.gov/geo/query/acc.cgi?acc=GSE206285"
"data/ibd_omics_datasets.csv","DS049:evidence_url","https://www.ncbi.nlm.nih.gov/geo/query/acc.cgi?acc=GSE206285"
"data/resource_coverage.csv","DS049:evidence_url","https://www.ncbi.nlm.nih.gov/geo/query/acc.cgi?acc=GSE206285"
"data/ibd_omics_datasets.csv","DS107:dataset_url","https://www.ncbi.nlm.nih.gov/geo/query/acc.cgi?acc=GSE207022"
"data/ibd_omics_datasets.csv","DS107:evidence_url","https://www.ncbi.nlm.nih.gov/geo/query/acc.cgi?acc=GSE207022"
"data/resource_coverage.csv","DS107:evidence_url","https://www.ncbi.nlm.nih.gov/geo/query/acc.cgi?acc=GSE207022"
"data/ibd_omics_datasets.csv","DS109:dataset_url","https://www.ncbi.nlm.nih.gov/geo/query/acc.cgi?acc=GSE207465"
"data/ibd_omics_datasets.csv","DS109:evidence_url","https://www.ncbi.nlm.nih.gov/geo/query/acc.cgi?acc=GSE207465"
"data/ibd_omics_datasets.csv","DS032:dataset_url","https://www.ncbi.nlm.nih.gov/geo/query/acc.cgi?acc=GSE210721"
"data/ibd_omics_datasets.csv","DS032:evidence_url","https://www.ncbi.nlm.nih.gov/geo/query/acc.cgi?acc=GSE210721"
"data/ibd_omics_datasets.csv","DS083:dataset_url","https://www.ncbi.nlm.nih.gov/geo/query/acc.cgi?acc=GSE212849"
"data/ibd_omics_datasets.csv","DS083:evidence_url","https://www.ncbi.nlm.nih.gov/geo/query/acc.cgi?acc=GSE212849"
"data/resource_coverage.csv","DS083:evidence_url","https://www.ncbi.nlm.nih.gov/geo/query/acc.cgi?acc=GSE212849"
"data/ibd_omics_datasets.csv","DS017:dataset_url","https://www.ncbi.nlm.nih.gov/geo/query/acc.cgi?acc=GSE214695"
"data/ibd_omics_datasets.csv","DS017:evidence_url","https://www.ncbi.nlm.nih.gov/geo/query/acc.cgi?acc=GSE214695"
"data/resource_coverage.csv","DS017:evidence_url","https://www.ncbi.nlm.nih.gov/geo/query/acc.cgi?acc=GSE214695"
"data/ibd_omics_datasets.csv","DS043:dataset_url","https://www.ncbi.nlm.nih.gov/geo/query/acc.cgi?acc=GSE221161"
"data/ibd_omics_datasets.csv","DS043:evidence_url","https://www.ncbi.nlm.nih.gov/geo/query/acc.cgi?acc=GSE221161"
"data/ibd_omics_datasets.csv","DS113:dataset_url","https://www.ncbi.nlm.nih.gov/geo/query/acc.cgi?acc=GSE228165"
"data/ibd_omics_datasets.csv","DS113:evidence_url","https://www.ncbi.nlm.nih.gov/geo/query/acc.cgi?acc=GSE228165"
"data/ibd_omics_datasets.csv","DS018:dataset_url","https://www.ncbi.nlm.nih.gov/geo/query/acc.cgi?acc=GSE234713"
"data/ibd_omics_datasets.csv","DS018:evidence_url","https://www.ncbi.nlm.nih.gov/geo/query/acc.cgi?acc=GSE234713"
"data/ibd_omics_datasets.csv","DS004:dataset_url","https://www.ncbi.nlm.nih.gov/geo/query/acc.cgi?acc=GSE235236"
"data/ibd_omics_datasets.csv","DS004:evidence_url","https://www.ncbi.nlm.nih.gov/geo/query/acc.cgi?acc=GSE235236"
"data/ibd_omics_datasets.csv","DS106:dataset_url","https://www.ncbi.nlm.nih.gov/geo/query/acc.cgi?acc=GSE23597"
"data/ibd_omics_datasets.csv","DS106:evidence_url","https://www.ncbi.nlm.nih.gov/geo/query/acc.cgi?acc=GSE23597"
"data/resource_coverage.csv","DS106:evidence_url","https://www.ncbi.nlm.nih.gov/geo/query/acc.cgi?acc=GSE23597"
"data/ibd_omics_datasets.csv","DS114:dataset_url","https://www.ncbi.nlm.nih.gov/geo/query/acc.cgi?acc=GSE250487"
"data/ibd_omics_datasets.csv","DS114:evidence_url","https://www.ncbi.nlm.nih.gov/geo/query/acc.cgi?acc=GSE250487"
"data/ibd_omics_datasets.csv","DS115:dataset_url","https://www.ncbi.nlm.nih.gov/geo/query/acc.cgi?acc=GSE250488"
"data/ibd_omics_datasets.csv","DS115:evidence_url","https://www.ncbi.nlm.nih.gov/geo/query/acc.cgi?acc=GSE250488"
"data/ibd_omics_datasets.csv","DS116:dataset_url","https://www.ncbi.nlm.nih.gov/geo/query/acc.cgi?acc=GSE250490"
"data/ibd_omics_datasets.csv","DS116:evidence_url","https://www.ncbi.nlm.nih.gov/geo/query/acc.cgi?acc=GSE250490"
"data/ibd_omics_datasets.csv","DS114:evidence_url","https://www.ncbi.nlm.nih.gov/geo/query/acc.cgi?acc=GSE250498"
"data/ibd_omics_datasets.csv","DS112:dataset_url","https://www.ncbi.nlm.nih.gov/geo/query/acc.cgi?acc=GSE261334"
"data/ibd_omics_datasets.csv","DS112:evidence_url","https://www.ncbi.nlm.nih.gov/geo/query/acc.cgi?acc=GSE261334"
"data/ibd_omics_datasets.csv","DS019:dataset_url","https://www.ncbi.nlm.nih.gov/geo/query/acc.cgi?acc=GSE282122"
"data/ibd_omics_datasets.csv","DS019:evidence_url","https://www.ncbi.nlm.nih.gov/geo/query/acc.cgi?acc=GSE282122"
"data/ibd_omics_datasets.csv","DS118:dataset_url","https://www.ncbi.nlm.nih.gov/geo/query/acc.cgi?acc=GSE312415"
"data/ibd_omics_datasets.csv","DS118:evidence_url","https://www.ncbi.nlm.nih.gov/geo/query/acc.cgi?acc=GSE312415"
"data/ibd_omics_datasets.csv","DS119:dataset_url","https://www.ncbi.nlm.nih.gov/geo/query/acc.cgi?acc=GSE312420"
"data/ibd_omics_datasets.csv","DS119:evidence_url","https://www.ncbi.nlm.nih.gov/geo/query/acc.cgi?acc=GSE312420"
"data/ibd_omics_datasets.csv","DS030:dataset_url","https://www.ncbi.nlm.nih.gov/geo/query/acc.cgi?acc=GSE32146"
"data/ibd_omics_datasets.csv","DS030:evidence_url","https://www.ncbi.nlm.nih.gov/geo/query/acc.cgi?acc=GSE32146"
"data/ibd_omics_datasets.csv","DS029:dataset_url","https://www.ncbi.nlm.nih.gov/geo/query/acc.cgi?acc=GSE32148"
"data/ibd_omics_datasets.csv","DS029:evidence_url","https://www.ncbi.nlm.nih.gov/geo/query/acc.cgi?acc=GSE32148"
"data/ibd_omics_datasets.csv","DS068:dataset_url","https://www.ncbi.nlm.nih.gov/geo/query/acc.cgi?acc=GSE3365"
"data/ibd_omics_datasets.csv","DS068:evidence_url","https://www.ncbi.nlm.nih.gov/geo/query/acc.cgi?acc=GSE3365"
"data/ibd_omics_datasets.csv","DS008:dataset_url","https://www.ncbi.nlm.nih.gov/geo/query/acc.cgi?acc=GSE36807"
"data/ibd_omics_datasets.csv","DS008:evidence_url","https://www.ncbi.nlm.nih.gov/geo/query/acc.cgi?acc=GSE36807"
"data/ibd_omics_datasets.csv","DS067:dataset_url","https://www.ncbi.nlm.nih.gov/geo/query/acc.cgi?acc=GSE38713"
"data/ibd_omics_datasets.csv","DS067:evidence_url","https://www.ncbi.nlm.nih.gov/geo/query/acc.cgi?acc=GSE38713"
"data/ibd_omics_datasets.csv","DS066:dataset_url","https://www.ncbi.nlm.nih.gov/geo/query/acc.cgi?acc=GSE4183"
"data/ibd_omics_datasets.csv","DS066:evidence_url","https://www.ncbi.nlm.nih.gov/geo/query/acc.cgi?acc=GSE4183"
"data/ibd_omics_datasets.csv","DS031:dataset_url","https://www.ncbi.nlm.nih.gov/geo/query/acc.cgi?acc=GSE42921"
"data/ibd_omics_datasets.csv","DS031:evidence_url","https://www.ncbi.nlm.nih.gov/geo/query/acc.cgi?acc=GSE42921"
"data/ibd_omics_datasets.csv","DS015:dataset_url","https://www.ncbi.nlm.nih.gov/geo/query/acc.cgi?acc=GSE48958"
"data/ibd_omics_datasets.csv","DS015:evidence_url","https://www.ncbi.nlm.nih.gov/geo/query/acc.cgi?acc=GSE48958"
"data/ibd_omics_datasets.csv","DS064:dataset_url","https://www.ncbi.nlm.nih.gov/geo/query/acc.cgi?acc=GSE52746"
"data/ibd_omics_datasets.csv","DS064:evidence_url","https://www.ncbi.nlm.nih.gov/geo/query/acc.cgi?acc=GSE52746"
"data/resource_coverage.csv","DS064:evidence_url","https://www.ncbi.nlm.nih.gov/geo/query/acc.cgi?acc=GSE52746"
"data/ibd_omics_datasets.csv","DS108:dataset_url","https://www.ncbi.nlm.nih.gov/geo/query/acc.cgi?acc=GSE53306"
"data/ibd_omics_datasets.csv","DS108:evidence_url","https://www.ncbi.nlm.nih.gov/geo/query/acc.cgi?acc=GSE53306"
"data/resource_coverage.csv","DS108:evidence_url","https://www.ncbi.nlm.nih.gov/geo/query/acc.cgi?acc=GSE53306"
"data/ibd_omics_datasets.csv","DS005:dataset_url","https://www.ncbi.nlm.nih.gov/geo/query/acc.cgi?acc=GSE57945"
"data/ibd_omics_datasets.csv","DS005:evidence_url","https://www.ncbi.nlm.nih.gov/geo/query/acc.cgi?acc=GSE57945"
"data/ibd_omics_datasets.csv","DS011:dataset_url","https://www.ncbi.nlm.nih.gov/geo/query/acc.cgi?acc=GSE59071"
"data/ibd_omics_datasets.csv","DS011:evidence_url","https://www.ncbi.nlm.nih.gov/geo/query/acc.cgi?acc=GSE59071"
"data/resource_coverage.csv","DS011:evidence_url","https://www.ncbi.nlm.nih.gov/geo/query/acc.cgi?acc=GSE59071"
"data/ibd_omics_datasets.csv","DS096:dataset_url","https://www.ncbi.nlm.nih.gov/geo/query/acc.cgi?acc=GSE66207"
"data/ibd_omics_datasets.csv","DS096:evidence_url","https://www.ncbi.nlm.nih.gov/geo/query/acc.cgi?acc=GSE66207"
"data/resource_coverage.csv","DS096:evidence_url","https://www.ncbi.nlm.nih.gov/geo/query/acc.cgi?acc=GSE66207"
"data/ibd_omics_datasets.csv","DS097:dataset_url","https://www.ncbi.nlm.nih.gov/geo/query/acc.cgi?acc=GSE67250"
"data/ibd_omics_datasets.csv","DS097:evidence_url","https://www.ncbi.nlm.nih.gov/geo/query/acc.cgi?acc=GSE67250"
"data/resource_coverage.csv","DS097:evidence_url","https://www.ncbi.nlm.nih.gov/geo/query/acc.cgi?acc=GSE67250"
"data/ibd_omics_datasets.csv","DS009:dataset_url","https://www.ncbi.nlm.nih.gov/geo/query/acc.cgi?acc=GSE6731"
"data/ibd_omics_datasets.csv","DS009:evidence_url","https://www.ncbi.nlm.nih.gov/geo/query/acc.cgi?acc=GSE6731"
"data/ibd_omics_datasets.csv","DS098:dataset_url","https://www.ncbi.nlm.nih.gov/geo/query/acc.cgi?acc=GSE69446"
"data/ibd_omics_datasets.csv","DS098:evidence_url","https://www.ncbi.nlm.nih.gov/geo/query/acc.cgi?acc=GSE69446"
"data/resource_coverage.csv","DS098:evidence_url","https://www.ncbi.nlm.nih.gov/geo/query/acc.cgi?acc=GSE69446"
"data/ibd_omics_datasets.csv","DS105:dataset_url","https://www.ncbi.nlm.nih.gov/geo/query/acc.cgi?acc=GSE72819"
"data/ibd_omics_datasets.csv","DS105:evidence_url","https://www.ncbi.nlm.nih.gov/geo/query/acc.cgi?acc=GSE72819"
"data/resource_coverage.csv","DS105:evidence_url","https://www.ncbi.nlm.nih.gov/geo/query/acc.cgi?acc=GSE72819"
"data/ibd_omics_datasets.csv","DS088:dataset_url","https://www.ncbi.nlm.nih.gov/geo/query/acc.cgi?acc=GSE73661"
"data/ibd_omics_datasets.csv","DS088:evidence_url","https://www.ncbi.nlm.nih.gov/geo/query/acc.cgi?acc=GSE73661"
"data/resource_coverage.csv","DS088:evidence_url","https://www.ncbi.nlm.nih.gov/geo/query/acc.cgi?acc=GSE73661"
"data/ibd_omics_datasets.csv","DS014:dataset_url","https://www.ncbi.nlm.nih.gov/geo/query/acc.cgi?acc=GSE75214"
"data/ibd_omics_datasets.csv","DS014:evidence_url","https://www.ncbi.nlm.nih.gov/geo/query/acc.cgi?acc=GSE75214"
"data/ibd_omics_datasets.csv","DS099:dataset_url","https://www.ncbi.nlm.nih.gov/geo/query/acc.cgi?acc=GSE83381"
"data/ibd_omics_datasets.csv","DS099:evidence_url","https://www.ncbi.nlm.nih.gov/geo/query/acc.cgi?acc=GSE83381"
"data/resource_coverage.csv","DS099:evidence_url","https://www.ncbi.nlm.nih.gov/geo/query/acc.cgi?acc=GSE83381"
"data/ibd_omics_datasets.csv","DS046:dataset_url","https://www.ncbi.nlm.nih.gov/geo/query/acc.cgi?acc=GSE83687"
"data/ibd_omics_datasets.csv","DS046:evidence_url","https://www.ncbi.nlm.nih.gov/geo/query/acc.cgi?acc=GSE83687"
"data/resource_coverage.csv","DS046:evidence_url","https://www.ncbi.nlm.nih.gov/geo/query/acc.cgi?acc=GSE83687"
"data/ibd_omics_datasets.csv","DS060:evidence_url","https://www.ncbi.nlm.nih.gov/geo/query/acc.cgi?acc=GSE87465"
"data/ibd_omics_datasets.csv","DS060:evidence_url","https://www.ncbi.nlm.nih.gov/geo/query/acc.cgi?acc=GSE87466"
"data/ibd_omics_datasets.csv","DS060:dataset_url","https://www.ncbi.nlm.nih.gov/geo/query/acc.cgi?acc=GSE87473"
"data/ibd_omics_datasets.csv","DS060:evidence_url","https://www.ncbi.nlm.nih.gov/geo/query/acc.cgi?acc=GSE87473"
"data/ibd_omics_datasets.csv","DS028:dataset_url","https://www.ncbi.nlm.nih.gov/geo/query/acc.cgi?acc=GSE87648"
"data/ibd_omics_datasets.csv","DS028:evidence_url","https://www.ncbi.nlm.nih.gov/geo/query/acc.cgi?acc=GSE87648"
"data/ibd_omics_datasets.csv","DS048:dataset_url","https://www.ncbi.nlm.nih.gov/geo/query/acc.cgi?acc=GSE92415"
"data/ibd_omics_datasets.csv","DS048:evidence_url","https://www.ncbi.nlm.nih.gov/geo/query/acc.cgi?acc=GSE92415"
"data/ibd_omics_datasets.csv","DS041:dataset_url","https://www.ncbi.nlm.nih.gov/geo/query/acc.cgi?acc=GSE93624"
"data/ibd_omics_datasets.csv","DS041:evidence_url","https://www.ncbi.nlm.nih.gov/geo/query/acc.cgi?acc=GSE93624"
"data/ibd_omics_datasets.csv","DS101:dataset_url","https://www.ncbi.nlm.nih.gov/geo/query/acc.cgi?acc=GSE9452"
"data/ibd_omics_datasets.csv","DS101:evidence_url","https://www.ncbi.nlm.nih.gov/geo/query/acc.cgi?acc=GSE9452"
"data/resource_coverage.csv","DS101:evidence_url","https://www.ncbi.nlm.nih.gov/geo/query/acc.cgi?acc=GSE9452"
"data/ibd_omics_datasets.csv","DS013:dataset_url","https://www.ncbi.nlm.nih.gov/geo/query/acc.cgi?acc=GSE94648"
"data/ibd_omics_datasets.csv","DS013:evidence_url","https://www.ncbi.nlm.nih.gov/geo/query/acc.cgi?acc=GSE94648"
"data/ibd_omics_datasets.csv","DS090:dataset_url","https://www.ncbi.nlm.nih.gov/geo/query/acc.cgi?acc=GSE95437"
"data/ibd_omics_datasets.csv","DS090:evidence_url","https://www.ncbi.nlm.nih.gov/geo/query/acc.cgi?acc=GSE95437"
"data/resource_coverage.csv","DS090:evidence_url","https://www.ncbi.nlm.nih.gov/geo/query/acc.cgi?acc=GSE95437"
"data/ibd_omics_datasets.csv","DS110:dataset_url","https://www.ncbi.nlm.nih.gov/geo/query/acc.cgi?acc=GSE98820"
"data/ibd_omics_datasets.csv","DS110:evidence_url","https://www.ncbi.nlm.nih.gov/geo/query/acc.cgi?acc=GSE98820"
"data/ibd_omics_datasets.csv","DS001:evidence_url","https://www.ncbi.nlm.nih.gov/projects/gap/cgi-bin/study.cgi?study_id=phs001626.v1.p1"
"data/ibd_omics_datasets.csv","DS035:dataset_url","https://www.ncbi.nlm.nih.gov/projects/gap/cgi-bin/study.cgi?study_id=phs002336.v1.p1"
"data/ibd_omics_datasets.csv","DS035:evidence_url","https://www.ncbi.nlm.nih.gov/projects/gap/cgi-bin/study.cgi?study_id=phs002336.v1.p1"
"data/ibd_omics_datasets.csv","DS114:evidence_url","https://www.ncbi.nlm.nih.gov/projects/gap/cgi-bin/study.cgi?study_id=phs003502.v1.p1"
"data/ibd_omics_datasets.csv","DS115:evidence_url","https://www.ncbi.nlm.nih.gov/projects/gap/cgi-bin/study.cgi?study_id=phs003502.v1.p1"
"data/ibd_omics_datasets.csv","DS116:evidence_url","https://www.ncbi.nlm.nih.gov/projects/gap/cgi-bin/study.cgi?study_id=phs003502.v1.p1"
"docs/curation-methods.html","html","https://www.ncbi.nlm.nih.gov/sra"
"docs/repositories.html","html","https://www.ncbi.nlm.nih.gov/sra/"
"data/ibd_omics_datasets.csv","DS100:evidence_url","https://www.ncbi.nlm.nih.gov/sra?term=SRP217042"
"data/ibd_omics_datasets.csv","DS093:evidence_url","https://www.ncbi.nlm.nih.gov/sra?term=SRP301816"
"data/ibd_omics_datasets.csv","DS094:evidence_url","https://www.ncbi.nlm.nih.gov/sra?term=SRP312907"
"data/ibd_omics_datasets.csv","DS025:evidence_url","https://www.omicsdi.org/dataset/pride/PXD001608"
"data/ibd_omics_datasets.csv","DS050:dataset_url","https://www.omicsdi.org/dataset/pride/PXD001821"
"data/ibd_omics_datasets.csv","DS050:evidence_url","https://www.omicsdi.org/dataset/pride/PXD001821"
"data/ibd_omics_datasets.csv","DS051:dataset_url","https://www.omicsdi.org/dataset/pride/PXD012284"
"data/ibd_omics_datasets.csv","DS051:evidence_url","https://www.omicsdi.org/dataset/pride/PXD012284"
"data/ibd_omics_datasets.csv","DS052:dataset_url","https://www.omicsdi.org/dataset/pride/PXD014479"
"data/ibd_omics_datasets.csv","DS053:dataset_url","https://www.omicsdi.org/dataset/pride/PXD030775"
"data/ibd_omics_datasets.csv","DS053:evidence_url","https://www.omicsdi.org/dataset/pride/PXD030775"
"data/ibd_omics_datasets.csv","DS054:dataset_url","https://www.omicsdi.org/dataset/pride/PXD050335"
"docs/curation-methods.html","html","https://www.ukbiobank.ac.uk/"
"docs/about.html","html","site_libs/bootstrap/bootstrap.min.js"
"docs/curation-methods.html","html","site_libs/bootstrap/bootstrap.min.js"
"docs/datasets.html","html","site_libs/bootstrap/bootstrap.min.js"
"docs/index.html","html","site_libs/bootstrap/bootstrap.min.js"
"docs/integrated-resources.html","html","site_libs/bootstrap/bootstrap.min.js"
"docs/omics-layers.html","html","site_libs/bootstrap/bootstrap.min.js"
"docs/orchestrator.html","html","site_libs/bootstrap/bootstrap.min.js"
"docs/repositories.html","html","site_libs/bootstrap/bootstrap.min.js"
"docs/use-cases.html","html","site_libs/bootstrap/bootstrap.min.js"
"docs/verification-queue.html","html","site_libs/bootstrap/bootstrap.min.js"
"docs/about.html","html","site_libs/bootstrap/bootstrap-12b2063343efa455fa6c31bdd6356f0d.min.css"
"docs/curation-methods.html","html","site_libs/bootstrap/bootstrap-12b2063343efa455fa6c31bdd6356f0d.min.css"
"docs/datasets.html","html","site_libs/bootstrap/bootstrap-12b2063343efa455fa6c31bdd6356f0d.min.css"
"docs/index.html","html","site_libs/bootstrap/bootstrap-12b2063343efa455fa6c31bdd6356f0d.min.css"
"docs/integrated-resources.html","html","site_libs/bootstrap/bootstrap-12b2063343efa455fa6c31bdd6356f0d.min.css"
"docs/omics-layers.html","html","site_libs/bootstrap/bootstrap-12b2063343efa455fa6c31bdd6356f0d.min.css"
"docs/orchestrator.html","html","site_libs/bootstrap/bootstrap-12b2063343efa455fa6c31bdd6356f0d.min.css"
"docs/repositories.html","html","site_libs/bootstrap/bootstrap-12b2063343efa455fa6c31bdd6356f0d.min.css"
"docs/use-cases.html","html","site_libs/bootstrap/bootstrap-12b2063343efa455fa6c31bdd6356f0d.min.css"
"docs/verification-queue.html","html","site_libs/bootstrap/bootstrap-12b2063343efa455fa6c31bdd6356f0d.min.css"
"docs/about.html","html","site_libs/bootstrap/bootstrap-icons.css"
"docs/curation-methods.html","html","site_libs/bootstrap/bootstrap-icons.css"
"docs/datasets.html","html","site_libs/bootstrap/bootstrap-icons.css"
"docs/index.html","html","site_libs/bootstrap/bootstrap-icons.css"
"docs/integrated-resources.html","html","site_libs/bootstrap/bootstrap-icons.css"
"docs/omics-layers.html","html","site_libs/bootstrap/bootstrap-icons.css"
"docs/orchestrator.html","html","site_libs/bootstrap/bootstrap-icons.css"
"docs/repositories.html","html","site_libs/bootstrap/bootstrap-icons.css"
"docs/use-cases.html","html","site_libs/bootstrap/bootstrap-icons.css"
"docs/verification-queue.html","html","site_libs/bootstrap/bootstrap-icons.css"
"docs/about.html","html","site_libs/clipboard/clipboard.min.js"
"docs/curation-methods.html","html","site_libs/clipboard/clipboard.min.js"
"docs/datasets.html","html","site_libs/clipboard/clipboard.min.js"
"docs/index.html","html","site_libs/clipboard/clipboard.min.js"
"docs/integrated-resources.html","html","site_libs/clipboard/clipboard.min.js"
"docs/omics-layers.html","html","site_libs/clipboard/clipboard.min.js"
"docs/orchestrator.html","html","site_libs/clipboard/clipboard.min.js"
"docs/repositories.html","html","site_libs/clipboard/clipboard.min.js"
"docs/use-cases.html","html","site_libs/clipboard/clipboard.min.js"
"docs/verification-queue.html","html","site_libs/clipboard/clipboard.min.js"
"docs/about.html","html","site_libs/quarto-html/anchor.min.js"
"docs/curation-methods.html","html","site_libs/quarto-html/anchor.min.js"
"docs/datasets.html","html","site_libs/quarto-html/anchor.min.js"
"docs/index.html","html","site_libs/quarto-html/anchor.min.js"
"docs/integrated-resources.html","html","site_libs/quarto-html/anchor.min.js"
"docs/omics-layers.html","html","site_libs/quarto-html/anchor.min.js"
"docs/orchestrator.html","html","site_libs/quarto-html/anchor.min.js"
"docs/repositories.html","html","site_libs/quarto-html/anchor.min.js"
"docs/use-cases.html","html","site_libs/quarto-html/anchor.min.js"
"docs/verification-queue.html","html","site_libs/quarto-html/anchor.min.js"
"docs/about.html","html","site_libs/quarto-html/popper.min.js"
"docs/curation-methods.html","html","site_libs/quarto-html/popper.min.js"
"docs/datasets.html","html","site_libs/quarto-html/popper.min.js"
"docs/index.html","html","site_libs/quarto-html/popper.min.js"
"docs/integrated-resources.html","html","site_libs/quarto-html/popper.min.js"
"docs/omics-layers.html","html","site_libs/quarto-html/popper.min.js"
"docs/orchestrator.html","html","site_libs/quarto-html/popper.min.js"
"docs/repositories.html","html","site_libs/quarto-html/popper.min.js"
"docs/use-cases.html","html","site_libs/quarto-html/popper.min.js"
"docs/verification-queue.html","html","site_libs/quarto-html/popper.min.js"
"docs/about.html","html","site_libs/quarto-html/quarto.js"
"docs/curation-methods.html","html","site_libs/quarto-html/quarto.js"
"docs/datasets.html","html","site_libs/quarto-html/quarto.js"
"docs/index.html","html","site_libs/quarto-html/quarto.js"
"docs/integrated-resources.html","html","site_libs/quarto-html/quarto.js"
"docs/omics-layers.html","html","site_libs/quarto-html/quarto.js"
"docs/orchestrator.html","html","site_libs/quarto-html/quarto.js"
"docs/repositories.html","html","site_libs/quarto-html/quarto.js"
"docs/use-cases.html","html","site_libs/quarto-html/quarto.js"
"docs/verification-queue.html","html","site_libs/quarto-html/quarto.js"
"docs/about.html","html","site_libs/quarto-html/quarto-syntax-highlighting-845c23b38eaddc0f92fda52bfe77a8c8.css"
"docs/curation-methods.html","html","site_libs/quarto-html/quarto-syntax-highlighting-845c23b38eaddc0f92fda52bfe77a8c8.css"
"docs/datasets.html","html","site_libs/quarto-html/quarto-syntax-highlighting-845c23b38eaddc0f92fda52bfe77a8c8.css"
"docs/index.html","html","site_libs/quarto-html/quarto-syntax-highlighting-845c23b38eaddc0f92fda52bfe77a8c8.css"
"docs/integrated-resources.html","html","site_libs/quarto-html/quarto-syntax-highlighting-845c23b38eaddc0f92fda52bfe77a8c8.css"
"docs/omics-layers.html","html","site_libs/quarto-html/quarto-syntax-highlighting-845c23b38eaddc0f92fda52bfe77a8c8.css"
"docs/orchestrator.html","html","site_libs/quarto-html/quarto-syntax-highlighting-845c23b38eaddc0f92fda52bfe77a8c8.css"
"docs/repositories.html","html","site_libs/quarto-html/quarto-syntax-highlighting-845c23b38eaddc0f92fda52bfe77a8c8.css"
"docs/use-cases.html","html","site_libs/quarto-html/quarto-syntax-highlighting-845c23b38eaddc0f92fda52bfe77a8c8.css"
"docs/verification-queue.html","html","site_libs/quarto-html/quarto-syntax-highlighting-845c23b38eaddc0f92fda52bfe77a8c8.css"
"docs/about.html","html","site_libs/quarto-html/tabsets/tabsets.js"
"docs/curation-methods.html","html","site_libs/quarto-html/tabsets/tabsets.js"
"docs/datasets.html","html","site_libs/quarto-html/tabsets/tabsets.js"
"docs/index.html","html","site_libs/quarto-html/tabsets/tabsets.js"
"docs/integrated-resources.html","html","site_libs/quarto-html/tabsets/tabsets.js"
"docs/omics-layers.html","html","site_libs/quarto-html/tabsets/tabsets.js"
"docs/orchestrator.html","html","site_libs/quarto-html/tabsets/tabsets.js"
"docs/repositories.html","html","site_libs/quarto-html/tabsets/tabsets.js"
"docs/use-cases.html","html","site_libs/quarto-html/tabsets/tabsets.js"
"docs/verification-queue.html","html","site_libs/quarto-html/tabsets/tabsets.js"
"docs/about.html","html","site_libs/quarto-html/tippy.css"
"docs/curation-methods.html","html","site_libs/quarto-html/tippy.css"
"docs/datasets.html","html","site_libs/quarto-html/tippy.css"
"docs/index.html","html","site_libs/quarto-html/tippy.css"
"docs/integrated-resources.html","html","site_libs/quarto-html/tippy.css"
"docs/omics-layers.html","html","site_libs/quarto-html/tippy.css"
"docs/orchestrator.html","html","site_libs/quarto-html/tippy.css"
"docs/repositories.html","html","site_libs/quarto-html/tippy.css"
"docs/use-cases.html","html","site_libs/quarto-html/tippy.css"
"docs/verification-queue.html","html","site_libs/quarto-html/tippy.css"
"docs/about.html","html","site_libs/quarto-html/tippy.umd.min.js"
"docs/curation-methods.html","html","site_libs/quarto-html/tippy.umd.min.js"
"docs/datasets.html","html","site_libs/quarto-html/tippy.umd.min.js"
"docs/index.html","html","site_libs/quarto-html/tippy.umd.min.js"
"docs/integrated-resources.html","html","site_libs/quarto-html/tippy.umd.min.js"
"docs/omics-layers.html","html","site_libs/quarto-html/tippy.umd.min.js"
"docs/orchestrator.html","html","site_libs/quarto-html/tippy.umd.min.js"
"docs/repositories.html","html","site_libs/quarto-html/tippy.umd.min.js"
"docs/use-cases.html","html","site_libs/quarto-html/tippy.umd.min.js"
"docs/verification-queue.html","html","site_libs/quarto-html/tippy.umd.min.js"
"docs/about.html","html","site_libs/quarto-html/zenscroll-min.js"
"docs/curation-methods.html","html","site_libs/quarto-html/zenscroll-min.js"
"docs/datasets.html","html","site_libs/quarto-html/zenscroll-min.js"
"docs/index.html","html","site_libs/quarto-html/zenscroll-min.js"
"docs/integrated-resources.html","html","site_libs/quarto-html/zenscroll-min.js"
"docs/omics-layers.html","html","site_libs/quarto-html/zenscroll-min.js"
"docs/orchestrator.html","html","site_libs/quarto-html/zenscroll-min.js"
"docs/repositories.html","html","site_libs/quarto-html/zenscroll-min.js"
"docs/use-cases.html","html","site_libs/quarto-html/zenscroll-min.js"
"docs/verification-queue.html","html","site_libs/quarto-html/zenscroll-min.js"
"docs/about.html","html","site_libs/quarto-nav/headroom.min.js"
"docs/curation-methods.html","html","site_libs/quarto-nav/headroom.min.js"
"docs/datasets.html","html","site_libs/quarto-nav/headroom.min.js"
"docs/index.html","html","site_libs/quarto-nav/headroom.min.js"
"docs/integrated-resources.html","html","site_libs/quarto-nav/headroom.min.js"
"docs/omics-layers.html","html","site_libs/quarto-nav/headroom.min.js"
"docs/orchestrator.html","html","site_libs/quarto-nav/headroom.min.js"
"docs/repositories.html","html","site_libs/quarto-nav/headroom.min.js"
"docs/use-cases.html","html","site_libs/quarto-nav/headroom.min.js"
"docs/verification-queue.html","html","site_libs/quarto-nav/headroom.min.js"
"docs/about.html","html","site_libs/quarto-nav/quarto-nav.js"
"docs/curation-methods.html","html","site_libs/quarto-nav/quarto-nav.js"
"docs/datasets.html","html","site_libs/quarto-nav/quarto-nav.js"
"docs/index.html","html","site_libs/quarto-nav/quarto-nav.js"
"docs/integrated-resources.html","html","site_libs/quarto-nav/quarto-nav.js"
"docs/omics-layers.html","html","site_libs/quarto-nav/quarto-nav.js"
"docs/orchestrator.html","html","site_libs/quarto-nav/quarto-nav.js"
"docs/repositories.html","html","site_libs/quarto-nav/quarto-nav.js"
"docs/use-cases.html","html","site_libs/quarto-nav/quarto-nav.js"
"docs/verification-queue.html","html","site_libs/quarto-nav/quarto-nav.js"
"docs/about.html","html","site_libs/quarto-search/autocomplete.umd.js"
"docs/curation-methods.html","html","site_libs/quarto-search/autocomplete.umd.js"
"docs/datasets.html","html","site_libs/quarto-search/autocomplete.umd.js"
"docs/index.html","html","site_libs/quarto-search/autocomplete.umd.js"
"docs/integrated-resources.html","html","site_libs/quarto-search/autocomplete.umd.js"
"docs/omics-layers.html","html","site_libs/quarto-search/autocomplete.umd.js"
"docs/orchestrator.html","html","site_libs/quarto-search/autocomplete.umd.js"
"docs/repositories.html","html","site_libs/quarto-search/autocomplete.umd.js"
"docs/use-cases.html","html","site_libs/quarto-search/autocomplete.umd.js"
"docs/verification-queue.html","html","site_libs/quarto-search/autocomplete.umd.js"
"docs/about.html","html","site_libs/quarto-search/fuse.min.js"
"docs/curation-methods.html","html","site_libs/quarto-search/fuse.min.js"
"docs/datasets.html","html","site_libs/quarto-search/fuse.min.js"
"docs/index.html","html","site_libs/quarto-search/fuse.min.js"
"docs/integrated-resources.html","html","site_libs/quarto-search/fuse.min.js"
"docs/omics-layers.html","html","site_libs/quarto-search/fuse.min.js"
"docs/orchestrator.html","html","site_libs/quarto-search/fuse.min.js"
"docs/repositories.html","html","site_libs/quarto-search/fuse.min.js"
"docs/use-cases.html","html","site_libs/quarto-search/fuse.min.js"
"docs/verification-queue.html","html","site_libs/quarto-search/fuse.min.js"
"docs/about.html","html","site_libs/quarto-search/quarto-search.js"
"docs/curation-methods.html","html","site_libs/quarto-search/quarto-search.js"
"docs/datasets.html","html","site_libs/quarto-search/quarto-search.js"
"docs/index.html","html","site_libs/quarto-search/quarto-search.js"
"docs/integrated-resources.html","html","site_libs/quarto-search/quarto-search.js"
"docs/omics-layers.html","html","site_libs/quarto-search/quarto-search.js"
"docs/orchestrator.html","html","site_libs/quarto-search/quarto-search.js"
"docs/repositories.html","html","site_libs/quarto-search/quarto-search.js"
"docs/use-cases.html","html","site_libs/quarto-search/quarto-search.js"
"docs/verification-queue.html","html","site_libs/quarto-search/quarto-search.js"
"docs/about.html","html","site-tables.js?v=20260510-7"
"docs/curation-methods.html","html","site-tables.js?v=20260510-7"
"docs/datasets.html","html","site-tables.js?v=20260510-7"
"docs/index.html","html","site-tables.js?v=20260510-7"
"docs/integrated-resources.html","html","site-tables.js?v=20260510-7"
"docs/omics-layers.html","html","site-tables.js?v=20260510-7"
"docs/orchestrator.html","html","site-tables.js?v=20260510-7"
"docs/repositories.html","html","site-tables.js?v=20260510-7"
"docs/use-cases.html","html","site-tables.js?v=20260510-7"
"docs/verification-queue.html","html","site-tables.js?v=20260510-7"
"docs/about.html","html","styles.css"
"docs/curation-methods.html","html","styles.css"
"docs/datasets.html","html","styles.css"
"docs/index.html","html","styles.css"
"docs/integrated-resources.html","html","styles.css"
"docs/omics-layers.html","html","styles.css"
"docs/orchestrator.html","html","styles.css"
"docs/repositories.html","html","styles.css"
"docs/use-cases.html","html","styles.css"
"docs/verification-queue.html","html","styles.css"
